Start Time,Duration,Run ID,Name,Source Type,Source Name,User,Status,Elements,difference_threshold,normalization_vector,target_threshold,Accuracy,Loss,Weighted accuracy,Weighted f1,Weighted precision,Weighted recall,fn,fp,tn,tp
2024-09-02 14:01:28,72ms,2017bf3369d643f791856efb3c24cf81,mysterious-flea-753,LOCAL,/opt/anaconda3/envs/python312/lib/python3.12/site-packages/ipykernel_launcher.py,zeerakwyne,FINISHED,Fe (%) Ca (%) Na (%) K (%) Al (%) Mg (%) CCPI Ishikawa K/(Al-Na) As (ppm),2.5,[ 2.    10.5    0.525  0.525  2.5    0.525  0.42   0.315  0.525  0.525],45.0,0.7533,165.40944177051085,0.692,0.2603,0.1972,0.3829,167,258,1237,61
2024-09-02 14:01:28,70ms,d743a949e41a4085811160da2ae0f359,handsome-rook-962,LOCAL,/opt/anaconda3/envs/python312/lib/python3.12/site-packages/ipykernel_launcher.py,zeerakwyne,FINISHED,Fe (%) Ca (%) Na (%) K (%) Al (%) Mg (%) CCPI Ishikawa K/(Al-Na) As (ppm),2.5,[ 2.    10.5    0.525  0.525  2.5    0.525  0.42   0.315  0.525  0.525],100.0,0.8096,154.06751171579594,0.7238,0.034,0.0177,0.4405,15,313,1389,6
2024-09-02 14:01:28,70ms,10b39d0573684584975584f20d47d11e,suave-squirrel-291,LOCAL,/opt/anaconda3/envs/python312/lib/python3.12/site-packages/ipykernel_launcher.py,zeerakwyne,FINISHED,Fe (%) Ca (%) Na (%) K (%) Al (%) Mg (%) CCPI Ishikawa K/(Al-Na) As (ppm),2.0,[ 2.    10.5    0.525  0.525  2.5    0.525  0.42   0.315  0.525  0.525],45.0,0.8207,116.63257671382314,0.7832,0.215,0.2205,0.2097,198,111,1384,30
2024-09-02 14:01:28,67ms,7ac8e4c259074877bdc8fd3577ee20c2,judicious-quail-958,LOCAL,/opt/anaconda3/envs/python312/lib/python3.12/site-packages/ipykernel_launcher.py,zeerakwyne,FINISHED,Fe (%) Ca (%) Na (%) K (%) Al (%) Mg (%) CCPI Ishikawa K/(Al-Na) As (ppm),2.0,[ 2.    10.5    0.525  0.525  2.5    0.525  0.42   0.315  0.525  0.525],100.0,0.9071,83.16079743984956,0.8562,0.0131,0.0071,0.0868,20,140,1562,1
2024-09-02 14:01:28,68ms,0415688fe9cb447f9c96c3dbdf941c67,upset-shrimp-885,LOCAL,/opt/anaconda3/envs/python312/lib/python3.12/site-packages/ipykernel_launcher.py,zeerakwyne,FINISHED,Fe (%) Ca (%) Na (%) K (%) Al (%) Mg (%) CCPI Ishikawa K/(Al-Na) As (ppm),1.5,[ 2.    10.5    0.525  0.525  2.5    0.525  0.42   0.315  0.525  0.525],45.0,0.863,78.34031886009694,0.8502,0.097,0.3305,0.0569,221,15,1480,7
2024-09-02 14:01:28,25ms,25ab7c47bace4e12982b0987f3ba4e9f,flawless-snail-872,LOCAL,/opt/anaconda3/envs/python312/lib/python3.12/site-packages/ipykernel_launcher.py,zeerakwyne,FINISHED,,,,,,,,,,,,,,
2024-09-02 14:01:28,24ms,748a47b63e384d71a8d7c86f50af8222,delightful-snail-966,LOCAL,/opt/anaconda3/envs/python312/lib/python3.12/site-packages/ipykernel_launcher.py,zeerakwyne,FINISHED,,,,,,,,,,,,,,
2024-09-02 14:01:28,23ms,0650a5b8db0244fa8378eb151c0b75f4,righteous-newt-470,LOCAL,/opt/anaconda3/envs/python312/lib/python3.12/site-packages/ipykernel_launcher.py,zeerakwyne,FINISHED,,,,,,,,,,,,,,
2024-09-02 14:01:28,23ms,4533c5c513164cbfbd9a0906cf57c8ea,useful-shark-912,LOCAL,/opt/anaconda3/envs/python312/lib/python3.12/site-packages/ipykernel_launcher.py,zeerakwyne,FINISHED,,,,,,,,,,,,,,
2024-09-02 14:01:28,25ms,e0ee91c80f6c45339ee412edbb90e237,omniscient-boar-270,LOCAL,/opt/anaconda3/envs/python312/lib/python3.12/site-packages/ipykernel_launcher.py,zeerakwyne,FINISHED,,,,,,,,,,,,,,
2024-09-02 14:01:28,69ms,8b4b062c5f414c82917fd51a2498c932,valuable-colt-21,LOCAL,/opt/anaconda3/envs/python312/lib/python3.12/site-packages/ipykernel_launcher.py,zeerakwyne,FINISHED,Fe (%) Ca (%) Na (%) K (%) Al (%) Mg (%) CCPI Ishikawa K/(Al-Na) As (ppm),2.5,[1.    9.5   0.475 0.475 1.5   0.475 0.38  0.285 0.475 0.475],45.0,0.8189,96.94650741850532,0.781,0.2264,0.2263,0.2264,195,117,1378,33
2024-09-02 14:01:28,70ms,53dbfa1eb7e44901897ee672606ffbda,smiling-stork-431,LOCAL,/opt/anaconda3/envs/python312/lib/python3.12/site-packages/ipykernel_launcher.py,zeerakwyne,FINISHED,Fe (%) Ca (%) Na (%) K (%) Al (%) Mg (%) CCPI Ishikawa K/(Al-Na) As (ppm),2.5,[1.    9.5   0.475 0.475 1.5   0.475 0.38  0.285 0.475 0.475],100.0,0.9031,69.77848598716626,0.8511,0.0233,0.0125,0.1638,19,148,1554,2
2024-09-02 14:01:28,66ms,30e2225703064d24bc42e459822bab55,salty-tern-303,LOCAL,/opt/anaconda3/envs/python312/lib/python3.12/site-packages/ipykernel_launcher.py,zeerakwyne,FINISHED,Fe (%) Ca (%) Na (%) K (%) Al (%) Mg (%) CCPI Ishikawa K/(Al-Na) As (ppm),2.0,[1.    9.5   0.475 0.475 1.5   0.475 0.38  0.285 0.475 0.475],45.0,0.8619,65.59038256783738,0.8484,0.1563,0.3681,0.0992,215,23,1472,13
2024-09-02 14:01:28,24ms,f373f23e2277443eab7a5d3d5107559e,fun-fish-3,LOCAL,/opt/anaconda3/envs/python312/lib/python3.12/site-packages/ipykernel_launcher.py,zeerakwyne,FINISHED,,,,,,,,,,,,,,
2024-09-02 14:01:27,68ms,68c070f6a6eb410d9343c0d882334a5a,luxuriant-crane-351,LOCAL,/opt/anaconda3/envs/python312/lib/python3.12/site-packages/ipykernel_launcher.py,zeerakwyne,FINISHED,Fe (%) Ca (%) Na (%) K (%) Al (%) Mg (%) CCPI Ishikawa K/(Al-Na) As (ppm),1.5,[1.    9.5   0.475 0.475 1.5   0.475 0.38  0.285 0.475 0.475],45.0,0.8683,60.06920951454126,0.8597,0.0338,0.6692,0.0174,226,1,1494,2
2024-09-02 14:01:27,24ms,b2b7a365edeb48c4b76f6b8bea0b64a4,clumsy-pug-274,LOCAL,/opt/anaconda3/envs/python312/lib/python3.12/site-packages/ipykernel_launcher.py,zeerakwyne,FINISHED,,,,,,,,,,,,,,
2024-09-02 14:01:27,22ms,9e73bc2538ec42548c4ae93d578898c7,unleashed-wolf-512,LOCAL,/opt/anaconda3/envs/python312/lib/python3.12/site-packages/ipykernel_launcher.py,zeerakwyne,FINISHED,,,,,,,,,,,,,,
2024-09-02 14:01:27,23ms,ffda37cd5b414a9889451059ef61104d,welcoming-toad-562,LOCAL,/opt/anaconda3/envs/python312/lib/python3.12/site-packages/ipykernel_launcher.py,zeerakwyne,FINISHED,,,,,,,,,,,,,,
2024-09-02 14:01:27,25ms,8097eeeebc414bb0abf73faec9a0e08f,secretive-snail-306,LOCAL,/opt/anaconda3/envs/python312/lib/python3.12/site-packages/ipykernel_launcher.py,zeerakwyne,FINISHED,,,,,,,,,,,,,,
2024-09-02 14:01:27,25ms,b7d54c2eafbe40c8a151119be8a7c165,fun-robin-673,LOCAL,/opt/anaconda3/envs/python312/lib/python3.12/site-packages/ipykernel_launcher.py,zeerakwyne,FINISHED,,,,,,,,,,,,,,
2024-09-02 14:01:27,74ms,ed8074e7a5ba413f8dd4315b3be36dcc,entertaining-hog-330,LOCAL,/opt/anaconda3/envs/python312/lib/python3.12/site-packages/ipykernel_launcher.py,zeerakwyne,FINISHED,Fe (%) Ca (%) Na (%) K (%) Al (%) Mg (%) CCPI Ishikawa K/(Al-Na) As (ppm),2.5,[ 3.    11.5    0.575  0.575  3.5    0.575  0.46   0.345  0.575  0.575],45.0,0.675,240.789564555345,0.5984,0.2587,0.175,0.4958,144,416,1079,84
2024-09-02 14:01:27,75ms,8fdff7da93484283a0d7863ed8719939,beautiful-snake-643,LOCAL,/opt/anaconda3/envs/python312/lib/python3.12/site-packages/ipykernel_launcher.py,zeerakwyne,FINISHED,Fe (%) Ca (%) Na (%) K (%) Al (%) Mg (%) CCPI Ishikawa K/(Al-Na) As (ppm),2.5,[ 3.    11.5    0.575  0.575  3.5    0.575  0.46   0.345  0.575  0.575],100.0,0.7046,247.15308052581346,0.5982,0.0237,0.0122,0.4386,15,494,1208,6
2024-09-02 14:01:27,70ms,97cfa0375641453a97b2e78a4a84a0bf,grandiose-ant-866,LOCAL,/opt/anaconda3/envs/python312/lib/python3.12/site-packages/ipykernel_launcher.py,zeerakwyne,FINISHED,Fe (%) Ca (%) Na (%) K (%) Al (%) Mg (%) CCPI Ishikawa K/(Al-Na) As (ppm),2.0,[ 3.    11.5    0.575  0.575  3.5    0.575  0.46   0.345  0.575  0.575],45.0,0.794,154.7126508916767,0.7459,0.2475,0.2129,0.2955,183,172,1323,45
2024-09-02 14:01:27,70ms,f6eeb7d6603944e287c1902802eae7d1,redolent-gull-113,LOCAL,/opt/anaconda3/envs/python312/lib/python3.12/site-packages/ipykernel_launcher.py,zeerakwyne,FINISHED,Fe (%) Ca (%) Na (%) K (%) Al (%) Mg (%) CCPI Ishikawa K/(Al-Na) As (ppm),2.0,[ 3.    11.5    0.575  0.575  3.5    0.575  0.46   0.345  0.575  0.575],100.0,0.8654,130.65061464242189,0.7978,0.0251,0.0133,0.2342,18,214,1488,3
2024-09-02 14:01:27,72ms,6996788f94c14e1aa69cc9f771faa022,thundering-elk-714,LOCAL,/opt/anaconda3/envs/python312/lib/python3.12/site-packages/ipykernel_launcher.py,zeerakwyne,FINISHED,Fe (%) Ca (%) Na (%) K (%) Al (%) Mg (%) CCPI Ishikawa K/(Al-Na) As (ppm),1.5,[ 3.    11.5    0.575  0.575  3.5    0.575  0.46   0.345  0.575  0.575],45.0,0.8508,101.88360663769225,0.8299,0.181,0.2835,0.1329,210,47,1448,18
2024-09-02 14:01:27,67ms,c098706106d04b76b73bd63127c7e99e,skillful-wren-984,LOCAL,/opt/anaconda3/envs/python312/lib/python3.12/site-packages/ipykernel_launcher.py,zeerakwyne,FINISHED,Fe (%) Ca (%) Na (%) K (%) Al (%) Mg (%) CCPI Ishikawa K/(Al-Na) As (ppm),1.5,[ 3.    11.5    0.575  0.575  3.5    0.575  0.46   0.345  0.575  0.575],100.0,0.9512,50.997518198433845,0.9245,0.0252,0.0147,0.0877,20,64,1638,1
2024-09-02 14:01:27,67ms,f0cbd64695d242ef8348b31c0b4b7a0d,dazzling-calf-215,LOCAL,/opt/anaconda3/envs/python312/lib/python3.12/site-packages/ipykernel_launcher.py,zeerakwyne,FINISHED,Fe (%) Ca (%) Na (%) K (%) Al (%) Mg (%) CCPI Ishikawa K/(Al-Na) As (ppm),1.0,[ 3.    11.5    0.575  0.575  3.5    0.575  0.46   0.345  0.575  0.575],45.0,0.8677,82.43921504301677,0.8586,0.017,0.4895,0.0087,227,1,1494,1
2024-09-02 14:01:27,23ms,7d4133ca7e8549cc9b543e167d48e3c1,gaudy-wasp-490,LOCAL,/opt/anaconda3/envs/python312/lib/python3.12/site-packages/ipykernel_launcher.py,zeerakwyne,FINISHED,,,,,,,,,,,,,,
2024-09-02 14:01:27,25ms,815033910f38417b850320d8e5b95fd0,gifted-robin-556,LOCAL,/opt/anaconda3/envs/python312/lib/python3.12/site-packages/ipykernel_launcher.py,zeerakwyne,FINISHED,,,,,,,,,,,,,,
2024-09-02 14:01:27,24ms,0859088d86f4448280df78463a622c4f,placid-snail-618,LOCAL,/opt/anaconda3/envs/python312/lib/python3.12/site-packages/ipykernel_launcher.py,zeerakwyne,FINISHED,,,,,,,,,,,,,,
2024-09-02 14:01:27,68ms,cce3f3b6de174feaa1d82a90e30903c6,carefree-hound-831,LOCAL,/opt/anaconda3/envs/python312/lib/python3.12/site-packages/ipykernel_launcher.py,zeerakwyne,FINISHED,Fe (%) Ca (%) Na (%) K (%) Al (%) Mg (%) CCPI Ishikawa K/(Al-Na) As (ppm),2.5,[0.5  9.   0.45 0.45 1.   0.45 0.36 0.27 0.45 0.45],45.0,0.8624,52.397040876790015,0.8494,0.1064,0.3292,0.0635,220,17,1478,8
2024-09-02 14:01:27,24ms,d4269c27df034b35bc271cf9ea80b93f,luminous-shrike-617,LOCAL,/opt/anaconda3/envs/python312/lib/python3.12/site-packages/ipykernel_launcher.py,zeerakwyne,FINISHED,,,,,,,,,,,,,,
2024-09-02 14:01:27,66ms,39851b5a0f454d5a8228b75f571c6702,handsome-shrew-654,LOCAL,/opt/anaconda3/envs/python312/lib/python3.12/site-packages/ipykernel_launcher.py,zeerakwyne,FINISHED,Fe (%) Ca (%) Na (%) K (%) Al (%) Mg (%) CCPI Ishikawa K/(Al-Na) As (ppm),2.0,[0.5  9.   0.45 0.45 1.   0.45 0.36 0.27 0.45 0.45],45.0,0.8694,47.301042764705755,0.8624,0.0513,1,0.0263,225,0,1495,3
2024-09-02 14:01:26,23ms,54886c606cf641799637ab7312efab53,painted-whale-550,LOCAL,/opt/anaconda3/envs/python312/lib/python3.12/site-packages/ipykernel_launcher.py,zeerakwyne,FINISHED,,,,,,,,,,,,,,
2024-09-02 14:01:26,24ms,b5b0d09b8cb248b79d88784af47bc9f8,trusting-crab-368,LOCAL,/opt/anaconda3/envs/python312/lib/python3.12/site-packages/ipykernel_launcher.py,zeerakwyne,FINISHED,,,,,,,,,,,,,,
2024-09-02 14:01:26,42ms,495526cca9624e5d9e8c60058b8b2f0f,amazing-grub-807,LOCAL,/opt/anaconda3/envs/python312/lib/python3.12/site-packages/ipykernel_launcher.py,zeerakwyne,FINISHED,,,,,,,,,,,,,,
2024-09-02 14:01:26,24ms,7cfc359c6ac1463fa1162d3106450545,colorful-hen-90,LOCAL,/opt/anaconda3/envs/python312/lib/python3.12/site-packages/ipykernel_launcher.py,zeerakwyne,FINISHED,,,,,,,,,,,,,,
2024-09-02 14:01:26,24ms,a65a82f6fbbf4968aa8c4ed4e76c5b00,silent-squid-419,LOCAL,/opt/anaconda3/envs/python312/lib/python3.12/site-packages/ipykernel_launcher.py,zeerakwyne,FINISHED,,,,,,,,,,,,,,
2024-09-02 14:01:26,24ms,2930485c6268451a953039013db4fb0e,angry-boar-51,LOCAL,/opt/anaconda3/envs/python312/lib/python3.12/site-packages/ipykernel_launcher.py,zeerakwyne,FINISHED,,,,,,,,,,,,,,
2024-09-02 14:01:26,24ms,895f27dd210840b8941bac46982dbdce,clumsy-bee-636,LOCAL,/opt/anaconda3/envs/python312/lib/python3.12/site-packages/ipykernel_launcher.py,zeerakwyne,FINISHED,,,,,,,,,,,,,,
2024-09-02 14:01:26,66ms,32e16d4d51af44329f237e82d50853ea,likeable-sow-144,LOCAL,/opt/anaconda3/envs/python312/lib/python3.12/site-packages/ipykernel_launcher.py,zeerakwyne,FINISHED,Fe (%) Ca (%) Na (%) K (%) Al (%) Mg (%) CCPI Ishikawa K/(Al-Na) As (ppm),2.5,[ 2.    10.5    0.525  0.525  2.5    0.525  0.42   0.315  0.525  0.525],45.0,0.7533,165.40944177051085,0.692,0.2603,0.1972,0.3829,167,258,1237,61
2024-09-02 14:01:26,71ms,5168176b456f472bb7ba65492a66f4e5,beautiful-bee-652,LOCAL,/opt/anaconda3/envs/python312/lib/python3.12/site-packages/ipykernel_launcher.py,zeerakwyne,FINISHED,Fe (%) Ca (%) Na (%) K (%) Al (%) Mg (%) CCPI Ishikawa K/(Al-Na) As (ppm),2.5,[ 2.    10.5    0.525  0.525  2.5    0.525  0.42   0.315  0.525  0.525],100.0,0.8096,154.06751171579594,0.7238,0.034,0.0177,0.4405,15,313,1389,6
2024-09-02 14:01:26,67ms,826a8f1792804473be097fb081bed5a6,redolent-ram-195,LOCAL,/opt/anaconda3/envs/python312/lib/python3.12/site-packages/ipykernel_launcher.py,zeerakwyne,FINISHED,Fe (%) Ca (%) Na (%) K (%) Al (%) Mg (%) CCPI Ishikawa K/(Al-Na) As (ppm),2.0,[ 2.    10.5    0.525  0.525  2.5    0.525  0.42   0.315  0.525  0.525],45.0,0.8207,116.63257671382314,0.7832,0.215,0.2205,0.2097,198,111,1384,30
2024-09-02 14:01:26,67ms,6695c9cfa94c4183b659046c30fbdd4f,delightful-fish-62,LOCAL,/opt/anaconda3/envs/python312/lib/python3.12/site-packages/ipykernel_launcher.py,zeerakwyne,FINISHED,Fe (%) Ca (%) Na (%) K (%) Al (%) Mg (%) CCPI Ishikawa K/(Al-Na) As (ppm),2.0,[ 2.    10.5    0.525  0.525  2.5    0.525  0.42   0.315  0.525  0.525],100.0,0.9071,83.16079743984956,0.8562,0.0131,0.0071,0.0868,20,140,1562,1
2024-09-02 14:01:26,75ms,5272aa06077d4e38adb04dbd77f421f0,masked-eel-995,LOCAL,/opt/anaconda3/envs/python312/lib/python3.12/site-packages/ipykernel_launcher.py,zeerakwyne,FINISHED,Fe (%) Ca (%) Na (%) K (%) Al (%) Mg (%) CCPI Ishikawa K/(Al-Na) As (ppm),1.5,[ 2.    10.5    0.525  0.525  2.5    0.525  0.42   0.315  0.525  0.525],45.0,0.863,78.34031886009694,0.8502,0.097,0.3305,0.0569,221,15,1480,7
2024-09-02 14:01:26,23ms,9cdbe49f17e94ce2b18356013e345c55,fearless-stork-226,LOCAL,/opt/anaconda3/envs/python312/lib/python3.12/site-packages/ipykernel_launcher.py,zeerakwyne,FINISHED,,,,,,,,,,,,,,
2024-09-02 14:01:26,22ms,6b7789eb8d9c46b39b09bb287f8d5ed7,omniscient-gnu-307,LOCAL,/opt/anaconda3/envs/python312/lib/python3.12/site-packages/ipykernel_launcher.py,zeerakwyne,FINISHED,,,,,,,,,,,,,,
2024-09-02 14:01:26,22ms,4b17dae2d0ee4a73b0e35ae3cd026541,bald-lynx-664,LOCAL,/opt/anaconda3/envs/python312/lib/python3.12/site-packages/ipykernel_launcher.py,zeerakwyne,FINISHED,,,,,,,,,,,,,,
2024-09-02 14:01:26,23ms,f68c5bd78e224a48a706f5512284dbcb,angry-goose-333,LOCAL,/opt/anaconda3/envs/python312/lib/python3.12/site-packages/ipykernel_launcher.py,zeerakwyne,FINISHED,,,,,,,,,,,,,,
2024-09-02 14:01:26,24ms,a1b677d675ad44639fb1c76cbf9776e5,merciful-robin-416,LOCAL,/opt/anaconda3/envs/python312/lib/python3.12/site-packages/ipykernel_launcher.py,zeerakwyne,FINISHED,,,,,,,,,,,,,,
2024-09-02 14:01:26,69ms,87c6a6c2cb6a4cf6ba3e485131fb0ea8,indecisive-elk-411,LOCAL,/opt/anaconda3/envs/python312/lib/python3.12/site-packages/ipykernel_launcher.py,zeerakwyne,FINISHED,Fe (%) Ca (%) Na (%) K (%) Al (%) Mg (%) CCPI Ishikawa K/(Al-Na) As (ppm),2.5,[ 3.5  12.    0.6   0.6   4.    0.6   0.48  0.36  0.6   0.6 ],45.0,0.6297,283.47933895549784,0.5474,0.2686,0.174,0.5883,124,514,981,104
2024-09-02 14:01:26,67ms,177b32f5bee14142bd62982be00a2e2f,mysterious-lamb-277,LOCAL,/opt/anaconda3/envs/python312/lib/python3.12/site-packages/ipykernel_launcher.py,zeerakwyne,FINISHED,Fe (%) Ca (%) Na (%) K (%) Al (%) Mg (%) CCPI Ishikawa K/(Al-Na) As (ppm),2.5,[ 3.5  12.    0.6   0.6   4.    0.6   0.48  0.36  0.6   0.6 ],100.0,0.6373,305.15516814626676,0.5224,0.0226,0.0116,0.4967,14,611,1091,7
2024-09-02 14:01:26,67ms,9aca4376bf8a48c495a6ee613ee3a7e1,respected-sheep-74,LOCAL,/opt/anaconda3/envs/python312/lib/python3.12/site-packages/ipykernel_launcher.py,zeerakwyne,FINISHED,Fe (%) Ca (%) Na (%) K (%) Al (%) Mg (%) CCPI Ishikawa K/(Al-Na) As (ppm),2.0,[ 3.5  12.    0.6   0.6   4.    0.6   0.48  0.36  0.6   0.6 ],45.0,0.7771,176.76504750791202,0.7239,0.2601,0.2092,0.3436,174,210,1285,54
2024-09-02 14:01:26,70ms,c58a4b0335f14227bcf28492f33e42c7,sedate-shad-647,LOCAL,/opt/anaconda3/envs/python312/lib/python3.12/site-packages/ipykernel_launcher.py,zeerakwyne,FINISHED,Fe (%) Ca (%) Na (%) K (%) Al (%) Mg (%) CCPI Ishikawa K/(Al-Na) As (ppm),2.0,[ 3.5  12.    0.6   0.6   4.    0.6   0.48  0.36  0.6   0.6 ],100.0,0.8404,158.38450314859026,0.7652,0.0341,0.0179,0.3722,16,259,1443,5
2024-09-02 14:01:25,67ms,98ff4dbdb3c54bafb4b0bbd97b71a337,trusting-cub-746,LOCAL,/opt/anaconda3/envs/python312/lib/python3.12/site-packages/ipykernel_launcher.py,zeerakwyne,FINISHED,Fe (%) Ca (%) Na (%) K (%) Al (%) Mg (%) CCPI Ishikawa K/(Al-Na) As (ppm),1.5,[ 3.5  12.    0.6   0.6   4.    0.6   0.48  0.36  0.6   0.6 ],45.0,0.8433,115.43768546050265,0.818,0.2038,0.2667,0.1649,205,65,1430,23
2024-09-02 14:01:25,66ms,ad344835c5044665900970117da86eb6,righteous-vole-710,LOCAL,/opt/anaconda3/envs/python312/lib/python3.12/site-packages/ipykernel_launcher.py,zeerakwyne,FINISHED,Fe (%) Ca (%) Na (%) K (%) Al (%) Mg (%) CCPI Ishikawa K/(Al-Na) As (ppm),1.5,[ 3.5  12.    0.6   0.6   4.    0.6   0.48  0.36  0.6   0.6 ],100.0,0.9379,68.45769222778033,0.9035,0.0199,0.0112,0.0878,20,87,1615,1
2024-09-02 14:01:25,67ms,10ec3c04c22e4c408219293dc578a797,glamorous-sheep-655,LOCAL,/opt/anaconda3/envs/python312/lib/python3.12/site-packages/ipykernel_launcher.py,zeerakwyne,FINISHED,Fe (%) Ca (%) Na (%) K (%) Al (%) Mg (%) CCPI Ishikawa K/(Al-Na) As (ppm),1.0,[ 3.5  12.    0.6   0.6   4.    0.6   0.48  0.36  0.6   0.6 ],45.0,0.8677,86.4682657109869,0.8587,0.0481,0.4987,0.0252,225,3,1492,3
2024-09-02 14:01:25,22ms,89b43b9607674a68a1b82ea7237c6f13,languid-dove-570,LOCAL,/opt/anaconda3/envs/python312/lib/python3.12/site-packages/ipykernel_launcher.py,zeerakwyne,FINISHED,,,,,,,,,,,,,,
2024-09-02 14:01:25,21ms,c716b6f33a2643788cc9e3f32fa917b9,capable-doe-947,LOCAL,/opt/anaconda3/envs/python312/lib/python3.12/site-packages/ipykernel_launcher.py,zeerakwyne,FINISHED,,,,,,,,,,,,,,
2024-09-02 14:01:25,24ms,208bab3caf764718a4132c451477d63a,bright-kite-162,LOCAL,/opt/anaconda3/envs/python312/lib/python3.12/site-packages/ipykernel_launcher.py,zeerakwyne,FINISHED,,,,,,,,,,,,,,
2024-09-02 14:01:25,27ms,0d38997c84034d678e6031a7333aa8f7,big-ox-601,LOCAL,/opt/anaconda3/envs/python312/lib/python3.12/site-packages/ipykernel_launcher.py,zeerakwyne,FINISHED,,,,,,,,,,,,,,
2024-09-02 14:01:25,27ms,53a16d213db949d9ae265dce5921855d,dashing-horse-408,LOCAL,/opt/anaconda3/envs/python312/lib/python3.12/site-packages/ipykernel_launcher.py,zeerakwyne,FINISHED,,,,,,,,,,,,,,
2024-09-02 14:01:25,26ms,bc10a545a8b6437ea3b19609c7e4f1c5,nimble-trout-855,LOCAL,/opt/anaconda3/envs/python312/lib/python3.12/site-packages/ipykernel_launcher.py,zeerakwyne,FINISHED,,,,,,,,,,,,,,
2024-09-02 14:01:25,25ms,4bbec0b0f7e246fb804f9d25504acaed,unruly-bird-319,LOCAL,/opt/anaconda3/envs/python312/lib/python3.12/site-packages/ipykernel_launcher.py,zeerakwyne,FINISHED,,,,,,,,,,,,,,
2024-09-02 14:01:25,25ms,bee10967df3948f1bfd868ac3cd3c550,grandiose-kite-809,LOCAL,/opt/anaconda3/envs/python312/lib/python3.12/site-packages/ipykernel_launcher.py,zeerakwyne,FINISHED,,,,,,,,,,,,,,
2024-09-02 14:01:25,25ms,3508adf1157a47b4b5858af7aafa7033,fearless-boar-912,LOCAL,/opt/anaconda3/envs/python312/lib/python3.12/site-packages/ipykernel_launcher.py,zeerakwyne,FINISHED,,,,,,,,,,,,,,
2024-09-02 14:01:25,26ms,06666629276346a48f91ccebc016c855,adorable-skunk-569,LOCAL,/opt/anaconda3/envs/python312/lib/python3.12/site-packages/ipykernel_launcher.py,zeerakwyne,FINISHED,,,,,,,,,,,,,,
2024-09-02 14:01:25,28ms,6ea983517a4f4e2aa7711699e32eebf4,unleashed-goose-357,LOCAL,/opt/anaconda3/envs/python312/lib/python3.12/site-packages/ipykernel_launcher.py,zeerakwyne,FINISHED,,,,,,,,,,,,,,
2024-09-02 14:01:25,26ms,b7a7c29df2134e1f970cd555b056ce01,fun-sloth-72,LOCAL,/opt/anaconda3/envs/python312/lib/python3.12/site-packages/ipykernel_launcher.py,zeerakwyne,FINISHED,,,,,,,,,,,,,,
2024-09-02 14:01:25,26ms,c8cddead867b417c995a38e80e559cba,peaceful-robin-655,LOCAL,/opt/anaconda3/envs/python312/lib/python3.12/site-packages/ipykernel_launcher.py,zeerakwyne,FINISHED,,,,,,,,,,,,,,
2024-09-02 14:01:25,70ms,391f3539746b44658341030659a7904b,entertaining-auk-348,LOCAL,/opt/anaconda3/envs/python312/lib/python3.12/site-packages/ipykernel_launcher.py,zeerakwyne,FINISHED,Fe (%) Ca (%) Na (%) K (%) Al (%) Mg (%) CCPI Ishikawa K/(Al-Na) As (ppm),2.5,[ 2.5  11.    0.55  0.55  3.    0.55  0.44  0.33  0.55  0.55],45.0,0.7203,198.8337731122287,0.6515,0.2626,0.1874,0.4386,156,326,1169,72
2024-09-02 14:01:25,67ms,e71f13dd416e4fd0b97ad86eae5437f0,abrasive-bug-784,LOCAL,/opt/anaconda3/envs/python312/lib/python3.12/site-packages/ipykernel_launcher.py,zeerakwyne,FINISHED,Fe (%) Ca (%) Na (%) K (%) Al (%) Mg (%) CCPI Ishikawa K/(Al-Na) As (ppm),2.5,[ 2.5  11.    0.55  0.55  3.    0.55  0.44  0.33  0.55  0.55],100.0,0.7638,195.81755052109438,0.6675,0.0285,0.0147,0.4397,15,392,1310,6
2024-09-02 14:01:25,81ms,7dfd44b9b39c4d6b876667b9d2794d12,upset-moth-60,LOCAL,/opt/anaconda3/envs/python312/lib/python3.12/site-packages/ipykernel_launcher.py,zeerakwyne,FINISHED,Fe (%) Ca (%) Na (%) K (%) Al (%) Mg (%) CCPI Ishikawa K/(Al-Na) As (ppm),2.0,[ 2.5  11.    0.55  0.55  3.    0.55  0.44  0.33  0.55  0.55],45.0,0.8091,134.30510669775114,0.7665,0.2333,0.2178,0.2511,191,138,1357,37
2024-09-02 14:01:25,79ms,a29c9d470e2d4b7585a6e93d0961ab5c,unequaled-shrew-486,LOCAL,/opt/anaconda3/envs/python312/lib/python3.12/site-packages/ipykernel_launcher.py,zeerakwyne,FINISHED,Fe (%) Ca (%) Na (%) K (%) Al (%) Mg (%) CCPI Ishikawa K/(Al-Na) As (ppm),2.0,[ 2.5  11.    0.55  0.55  3.    0.55  0.44  0.33  0.55  0.55],100.0,0.8886,104.89577493568564,0.8295,0.0207,0.0111,0.163,19,173,1529,2
2024-09-02 14:01:25,76ms,45595cd21b424091ad7d1e5196f530b1,agreeable-stork-806,LOCAL,/opt/anaconda3/envs/python312/lib/python3.12/site-packages/ipykernel_launcher.py,zeerakwyne,FINISHED,Fe (%) Ca (%) Na (%) K (%) Al (%) Mg (%) CCPI Ishikawa K/(Al-Na) As (ppm),1.5,[ 2.5  11.    0.55  0.55  3.    0.55  0.44  0.33  0.55  0.55],45.0,0.8607,86.06841866574402,0.8462,0.1634,0.3546,0.1062,214,26,1469,14
2024-09-02 14:01:24,30ms,92292aaa04bd43d0976c0376ba2b8d71,brawny-newt-788,LOCAL,/opt/anaconda3/envs/python312/lib/python3.12/site-packages/ipykernel_launcher.py,zeerakwyne,FINISHED,,,,,,,,,,,,,,
2024-09-02 14:01:24,26ms,ae54250a52b94d5b8a2e9d8b93595a8b,wistful-hog-989,LOCAL,/opt/anaconda3/envs/python312/lib/python3.12/site-packages/ipykernel_launcher.py,zeerakwyne,FINISHED,,,,,,,,,,,,,,
2024-09-02 14:01:24,29ms,cdc9cbfd28634c009c375b5a4b4e501c,efficient-yak-50,LOCAL,/opt/anaconda3/envs/python312/lib/python3.12/site-packages/ipykernel_launcher.py,zeerakwyne,FINISHED,,,,,,,,,,,,,,
2024-09-02 14:01:24,26ms,a94763c4551a46b69864cf136e6da044,chill-finch-16,LOCAL,/opt/anaconda3/envs/python312/lib/python3.12/site-packages/ipykernel_launcher.py,zeerakwyne,FINISHED,,,,,,,,,,,,,,
2024-09-02 14:01:24,25ms,dff7dce1785e463983aa2315e86df4d9,nosy-ox-555,LOCAL,/opt/anaconda3/envs/python312/lib/python3.12/site-packages/ipykernel_launcher.py,zeerakwyne,FINISHED,,,,,,,,,,,,,,
2024-09-02 14:01:24,80ms,5e2b87cc7e2d46f180ebd57904ec9b49,funny-stag-123,LOCAL,/opt/anaconda3/envs/python312/lib/python3.12/site-packages/ipykernel_launcher.py,zeerakwyne,FINISHED,Fe (%) Ca (%) Na (%) K (%) Al (%) Mg (%) CCPI Ishikawa K/(Al-Na) As (ppm),2.5,[0.5  9.   0.45 0.45 1.   0.45 0.36 0.27 0.45 0.45],45.0,0.8624,52.397040876790015,0.8494,0.1064,0.3292,0.0635,220,17,1478,8
2024-09-02 14:01:24,26ms,fc28f0ac1b6f47dbb1eb93e0508ba780,bemused-hog-758,LOCAL,/opt/anaconda3/envs/python312/lib/python3.12/site-packages/ipykernel_launcher.py,zeerakwyne,FINISHED,,,,,,,,,,,,,,
2024-09-02 14:01:24,72ms,82bc22680fbf408ea3f22cac94fbd2f5,marvelous-seal-178,LOCAL,/opt/anaconda3/envs/python312/lib/python3.12/site-packages/ipykernel_launcher.py,zeerakwyne,FINISHED,Fe (%) Ca (%) Na (%) K (%) Al (%) Mg (%) CCPI Ishikawa K/(Al-Na) As (ppm),2.0,[0.5  9.   0.45 0.45 1.   0.45 0.36 0.27 0.45 0.45],45.0,0.8694,47.301042764705755,0.8624,0.0513,1,0.0263,225,0,1495,3
2024-09-02 14:01:24,25ms,febe72a337724dd29b98211e3e6d6808,classy-loon-887,LOCAL,/opt/anaconda3/envs/python312/lib/python3.12/site-packages/ipykernel_launcher.py,zeerakwyne,FINISHED,,,,,,,,,,,,,,
2024-09-02 14:01:24,25ms,feebdb2a91cf46ffb69189896092d995,invincible-cow-38,LOCAL,/opt/anaconda3/envs/python312/lib/python3.12/site-packages/ipykernel_launcher.py,zeerakwyne,FINISHED,,,,,,,,,,,,,,
2024-09-02 14:01:24,26ms,3e8e502e3d8a4814a9170f66cfddd5c6,learned-doe-760,LOCAL,/opt/anaconda3/envs/python312/lib/python3.12/site-packages/ipykernel_launcher.py,zeerakwyne,FINISHED,,,,,,,,,,,,,,
2024-09-02 14:01:24,24ms,a4a7a94b265a439eaf1dd4e5aa2bcef5,bright-seal-949,LOCAL,/opt/anaconda3/envs/python312/lib/python3.12/site-packages/ipykernel_launcher.py,zeerakwyne,FINISHED,,,,,,,,,,,,,,
2024-09-02 14:01:24,25ms,aa19b137c0a3417c9ddc81fa48ae2c36,illustrious-dog-254,LOCAL,/opt/anaconda3/envs/python312/lib/python3.12/site-packages/ipykernel_launcher.py,zeerakwyne,FINISHED,,,,,,,,,,,,,,
2024-09-02 14:01:24,27ms,75e798000cd14175ab8df08cbd7e1a12,thoughtful-sheep-406,LOCAL,/opt/anaconda3/envs/python312/lib/python3.12/site-packages/ipykernel_launcher.py,zeerakwyne,FINISHED,,,,,,,,,,,,,,
2024-09-02 14:01:24,26ms,4640f2b8227b46f6b3ec46c7f532062e,stately-fowl-556,LOCAL,/opt/anaconda3/envs/python312/lib/python3.12/site-packages/ipykernel_launcher.py,zeerakwyne,FINISHED,,,,,,,,,,,,,,
2024-09-02 14:01:24,75ms,67afad897b1e4d00a571cc288419b030,mercurial-squid-136,LOCAL,/opt/anaconda3/envs/python312/lib/python3.12/site-packages/ipykernel_launcher.py,zeerakwyne,FINISHED,Fe (%) Ca (%) Na (%) K (%) Al (%) Mg (%) CCPI Ishikawa K/(Al-Na) As (ppm),2.5,[ 1.5 10.   0.5  0.5  2.   0.5  0.4  0.3  0.5  0.5],45.0,0.7847,132.71607675460498,0.7329,0.2427,0.2027,0.3023,182,189,1306,46
2024-09-02 14:01:24,72ms,1b5994e91ace4b15903c4b9e511f6346,welcoming-pig-39,LOCAL,/opt/anaconda3/envs/python312/lib/python3.12/site-packages/ipykernel_launcher.py,zeerakwyne,FINISHED,Fe (%) Ca (%) Na (%) K (%) Al (%) Mg (%) CCPI Ishikawa K/(Al-Na) As (ppm),2.5,[ 1.5 10.   0.5  0.5  2.   0.5  0.4  0.3  0.5  0.5],100.0,0.8537,113.65457813954116,0.7815,0.0161,0.0085,0.1634,19,233,1469,2
2024-09-02 14:01:24,71ms,74d6460a163546c2af80ac57ee2345cc,puzzled-donkey-699,LOCAL,/opt/anaconda3/envs/python312/lib/python3.12/site-packages/ipykernel_launcher.py,zeerakwyne,FINISHED,Fe (%) Ca (%) Na (%) K (%) Al (%) Mg (%) CCPI Ishikawa K/(Al-Na) As (ppm),2.0,[ 1.5 10.   0.5  0.5  2.   0.5  0.4  0.3  0.5  0.5],45.0,0.8427,90.15462660040309,0.8169,0.2046,0.2657,0.1663,205,66,1429,23
2024-09-02 14:01:24,78ms,b66b7b6faaf9430a8e2e9c36d4bce4ac,rebellious-gnat-189,LOCAL,/opt/anaconda3/envs/python312/lib/python3.12/site-packages/ipykernel_launcher.py,zeerakwyne,FINISHED,Fe (%) Ca (%) Na (%) K (%) Al (%) Mg (%) CCPI Ishikawa K/(Al-Na) As (ppm),2.0,[ 1.5 10.   0.5  0.5  2.   0.5  0.4  0.3  0.5  0.5],100.0,0.9373,52.49947223005361,0.9023,0.0188,0.0106,0.0855,20,88,1614,1
2024-09-02 14:01:24,82ms,2f4a5eea9a0f4ff29477d73ecd25d7a1,colorful-donkey-829,LOCAL,/opt/anaconda3/envs/python312/lib/python3.12/site-packages/ipykernel_launcher.py,zeerakwyne,FINISHED,Fe (%) Ca (%) Na (%) K (%) Al (%) Mg (%) CCPI Ishikawa K/(Al-Na) As (ppm),1.5,[ 1.5 10.   0.5  0.5  2.   0.5  0.4  0.3  0.5  0.5],45.0,0.8694,65.85522853065497,0.8618,0.0916,0.6636,0.0492,222,3,1492,6
2024-09-02 14:01:23,29ms,a9d4b640fd664b52aa6a57a9139670e7,adaptable-sheep-483,LOCAL,/opt/anaconda3/envs/python312/lib/python3.12/site-packages/ipykernel_launcher.py,zeerakwyne,FINISHED,,,,,,,,,,,,,,
2024-09-02 14:01:23,28ms,1db0fa4267924b1c952b2a73e6122cb3,dapper-croc-906,LOCAL,/opt/anaconda3/envs/python312/lib/python3.12/site-packages/ipykernel_launcher.py,zeerakwyne,FINISHED,,,,,,,,,,,,,,
2024-09-02 14:01:23,27ms,e8d427d4f98a4350a7ec5448ec8ff2a6,sassy-roo-914,LOCAL,/opt/anaconda3/envs/python312/lib/python3.12/site-packages/ipykernel_launcher.py,zeerakwyne,FINISHED,,,,,,,,,,,,,,
2024-09-02 14:01:23,34ms,78969df6253f41bebe071a34d47a1f7f,treasured-hawk-25,LOCAL,/opt/anaconda3/envs/python312/lib/python3.12/site-packages/ipykernel_launcher.py,zeerakwyne,FINISHED,,,,,,,,,,,,,,
2024-09-02 14:01:23,39ms,998c714e357a457ba6c0514cce419179,bald-koi-266,LOCAL,/opt/anaconda3/envs/python312/lib/python3.12/site-packages/ipykernel_launcher.py,zeerakwyne,FINISHED,,,,,,,,,,,,,,
2024-09-02 13:55:33,66ms,f688bea3dd2a41b199c6e9fe82d18049,resilient-smelt-746,LOCAL,/opt/anaconda3/envs/python312/lib/python3.12/site-packages/ipykernel_launcher.py,zeerakwyne,FINISHED,Fe (%) Ca (%) Na (%) K (%) Al (%) Mg (%) CCPI Ishikawa K/(Al-Na) As (ppm),2.5,[ 1.575 10.5    0.525  0.525  2.1    0.525  0.42   0.315  0.525  0.525],45.0,0.7626,154.01452929288618,0.7045,0.248,0.1937,0.3444,174,235,1260,54
2024-09-02 13:55:33,70ms,f0cccbdd7b374749a9126de2e94a8a5c,loud-boar-4,LOCAL,/opt/anaconda3/envs/python312/lib/python3.12/site-packages/ipykernel_launcher.py,zeerakwyne,FINISHED,Fe (%) Ca (%) Na (%) K (%) Al (%) Mg (%) CCPI Ishikawa K/(Al-Na) As (ppm),2.5,[ 1.575 10.5    0.525  0.525  2.1    0.525  0.42   0.315  0.525  0.525],100.0,0.8247,138.7616565959009,0.7441,0.0252,0.0132,0.302,17,285,1417,4
2024-09-02 13:55:33,67ms,a783f0167a7b4e09b9124b153faf3f97,silent-slug-993,LOCAL,/opt/anaconda3/envs/python312/lib/python3.12/site-packages/ipykernel_launcher.py,zeerakwyne,FINISHED,Fe (%) Ca (%) Na (%) K (%) Al (%) Mg (%) CCPI Ishikawa K/(Al-Na) As (ppm),2.0,[ 1.575 10.5    0.525  0.525  2.1    0.525  0.42   0.315  0.525  0.525],45.0,0.8282,106.61395656856811,0.795,0.1916,0.2166,0.1717,204,92,1403,24
2024-09-02 13:55:33,66ms,6ec5a8ca37704f058344cd6651e8596e,useful-finch-191,LOCAL,/opt/anaconda3/envs/python312/lib/python3.12/site-packages/ipykernel_launcher.py,zeerakwyne,FINISHED,Fe (%) Ca (%) Na (%) K (%) Al (%) Mg (%) CCPI Ishikawa K/(Al-Na) As (ppm),2.0,[ 1.575 10.5    0.525  0.525  2.1    0.525  0.42   0.315  0.525  0.525],100.0,0.9216,68.10315027971625,0.8788,0.0151,0.0083,0.0849,20,115,1587,1
2024-09-02 13:55:33,65ms,92483f8a3ef04ecfa194442cdf35bd03,resilient-hawk-744,LOCAL,/opt/anaconda3/envs/python312/lib/python3.12/site-packages/ipykernel_launcher.py,zeerakwyne,FINISHED,Fe (%) Ca (%) Na (%) K (%) Al (%) Mg (%) CCPI Ishikawa K/(Al-Na) As (ppm),1.5,[ 1.575 10.5    0.525  0.525  2.1    0.525  0.42   0.315  0.525  0.525],45.0,0.8671,71.59238335892805,0.8577,0.1007,0.4739,0.0563,221,8,1487,7
2024-09-02 13:55:33,21ms,2f238871c7244fccba8fd4e4b7ae76b1,fearless-bass-439,LOCAL,/opt/anaconda3/envs/python312/lib/python3.12/site-packages/ipykernel_launcher.py,zeerakwyne,FINISHED,,,,,,,,,,,,,,
2024-09-02 13:55:33,22ms,d4125696bb794d8b99fe24be13f9d218,gregarious-hawk-741,LOCAL,/opt/anaconda3/envs/python312/lib/python3.12/site-packages/ipykernel_launcher.py,zeerakwyne,FINISHED,,,,,,,,,,,,,,
2024-09-02 13:55:33,23ms,e7be3b04fb1a4f2fabb3c450326e8218,brawny-cub-501,LOCAL,/opt/anaconda3/envs/python312/lib/python3.12/site-packages/ipykernel_launcher.py,zeerakwyne,FINISHED,,,,,,,,,,,,,,
2024-09-02 13:55:33,25ms,459b90de800948a7bc5f8d7d989b22b5,worried-shrimp-490,LOCAL,/opt/anaconda3/envs/python312/lib/python3.12/site-packages/ipykernel_launcher.py,zeerakwyne,FINISHED,,,,,,,,,,,,,,
2024-09-02 13:55:33,25ms,6f83e0d4f5824d5f8289f6dded7c5885,painted-mouse-222,LOCAL,/opt/anaconda3/envs/python312/lib/python3.12/site-packages/ipykernel_launcher.py,zeerakwyne,FINISHED,,,,,,,,,,,,,,
2024-09-02 13:55:32,66ms,eaccd64a6abf4b2db6798da6b9ddc3ac,unruly-pug-393,LOCAL,/opt/anaconda3/envs/python312/lib/python3.12/site-packages/ipykernel_launcher.py,zeerakwyne,FINISHED,Fe (%) Ca (%) Na (%) K (%) Al (%) Mg (%) CCPI Ishikawa K/(Al-Na) As (ppm),2.5,[1.425 9.5   0.475 0.475 1.9   0.475 0.38  0.285 0.475 0.475],45.0,0.805,113.19935416552907,0.7601,0.2379,0.2164,0.2643,189,147,1348,39
2024-09-02 13:55:32,68ms,672af2dbb5764cacb3f4c66c11be7b1d,valuable-sheep-401,LOCAL,/opt/anaconda3/envs/python312/lib/python3.12/site-packages/ipykernel_launcher.py,zeerakwyne,FINISHED,Fe (%) Ca (%) Na (%) K (%) Al (%) Mg (%) CCPI Ishikawa K/(Al-Na) As (ppm),2.5,[1.425 9.5   0.475 0.475 1.9   0.475 0.38  0.285 0.475 0.475],100.0,0.8822,89.82904631885062,0.8196,0.0196,0.0104,0.1643,19,184,1518,2
2024-09-02 13:55:32,67ms,e69ea0a829c94f69b644226393e9a3db,bold-fox-490,LOCAL,/opt/anaconda3/envs/python312/lib/python3.12/site-packages/ipykernel_launcher.py,zeerakwyne,FINISHED,Fe (%) Ca (%) Na (%) K (%) Al (%) Mg (%) CCPI Ishikawa K/(Al-Na) As (ppm),2.0,[1.425 9.5   0.475 0.475 1.9   0.475 0.38  0.285 0.475 0.475],45.0,0.8497,80.25319372170523,0.8277,0.1662,0.2644,0.1211,212,47,1448,16
2024-09-02 13:55:32,22ms,0e3378845ae84ab6805bc8c558fec0f3,welcoming-duck-298,LOCAL,/opt/anaconda3/envs/python312/lib/python3.12/site-packages/ipykernel_launcher.py,zeerakwyne,FINISHED,,,,,,,,,,,,,,
2024-09-02 13:55:32,64ms,5583a625ac6f4c399c1c77bc2de12e7f,capricious-kit-216,LOCAL,/opt/anaconda3/envs/python312/lib/python3.12/site-packages/ipykernel_launcher.py,zeerakwyne,FINISHED,Fe (%) Ca (%) Na (%) K (%) Al (%) Mg (%) CCPI Ishikawa K/(Al-Na) As (ppm),1.5,[1.425 9.5   0.475 0.475 1.9   0.475 0.38  0.285 0.475 0.475],45.0,0.8683,63.89125672525989,0.8595,0.0639,0.5734,0.0338,224,3,1492,4
2024-09-02 13:55:32,22ms,6d70d8c09c0e43c4aba0db44f261997e,vaunted-sponge-775,LOCAL,/opt/anaconda3/envs/python312/lib/python3.12/site-packages/ipykernel_launcher.py,zeerakwyne,FINISHED,,,,,,,,,,,,,,
2024-09-02 13:55:32,23ms,be3eab91ef2842488f301da09376f223,defiant-trout-835,LOCAL,/opt/anaconda3/envs/python312/lib/python3.12/site-packages/ipykernel_launcher.py,zeerakwyne,FINISHED,,,,,,,,,,,,,,
2024-09-02 13:55:32,24ms,f798b9d3ed9841f98dc0ed2d829a24d3,whimsical-stork-839,LOCAL,/opt/anaconda3/envs/python312/lib/python3.12/site-packages/ipykernel_launcher.py,zeerakwyne,FINISHED,,,,,,,,,,,,,,
2024-09-02 13:55:32,23ms,33abffedb8944eb7ba42c6d0ebd719b4,burly-loon-348,LOCAL,/opt/anaconda3/envs/python312/lib/python3.12/site-packages/ipykernel_launcher.py,zeerakwyne,FINISHED,,,,,,,,,,,,,,
2024-09-02 13:55:32,22ms,e567c585b40c485791b90099415d60ac,mercurial-gull-829,LOCAL,/opt/anaconda3/envs/python312/lib/python3.12/site-packages/ipykernel_launcher.py,zeerakwyne,FINISHED,,,,,,,,,,,,,,
2024-09-02 13:55:32,65ms,7217128bb8d24e9f9657c7a760e57cdf,awesome-koi-30,LOCAL,/opt/anaconda3/envs/python312/lib/python3.12/site-packages/ipykernel_launcher.py,zeerakwyne,FINISHED,Fe (%) Ca (%) Na (%) K (%) Al (%) Mg (%) CCPI Ishikawa K/(Al-Na) As (ppm),2.5,[ 1.725 11.5    0.575  0.575  2.3    0.575  0.46   0.345  0.575  0.575],45.0,0.7162,199.8776075235112,0.6482,0.259,0.1843,0.4356,156,333,1162,72
2024-09-02 13:55:32,65ms,e574689db0204af284d68e1d4a39138d,amazing-kite-627,LOCAL,/opt/anaconda3/envs/python312/lib/python3.12/site-packages/ipykernel_launcher.py,zeerakwyne,FINISHED,Fe (%) Ca (%) Na (%) K (%) Al (%) Mg (%) CCPI Ishikawa K/(Al-Na) As (ppm),2.5,[ 1.725 11.5    0.575  0.575  2.3    0.575  0.46   0.345  0.575  0.575],100.0,0.7597,196.20709200265026,0.665,0.0278,0.0143,0.4357,15,399,1303,6
2024-09-02 13:55:32,68ms,5a0ec30dc8374e4387ce0e718fd7ba27,welcoming-colt-943,LOCAL,/opt/anaconda3/envs/python312/lib/python3.12/site-packages/ipykernel_launcher.py,zeerakwyne,FINISHED,Fe (%) Ca (%) Na (%) K (%) Al (%) Mg (%) CCPI Ishikawa K/(Al-Na) As (ppm),2.0,[ 1.725 11.5    0.575  0.575  2.3    0.575  0.46   0.345  0.575  0.575],45.0,0.8102,131.7212878354442,0.7697,0.2289,0.217,0.242,192,135,1360,36
2024-09-02 13:55:32,67ms,fec1005f57f94037958db87245b37653,dashing-shrew-934,LOCAL,/opt/anaconda3/envs/python312/lib/python3.12/site-packages/ipykernel_launcher.py,zeerakwyne,FINISHED,Fe (%) Ca (%) Na (%) K (%) Al (%) Mg (%) CCPI Ishikawa K/(Al-Na) As (ppm),2.0,[ 1.725 11.5    0.575  0.575  2.3    0.575  0.46   0.345  0.575  0.575],100.0,0.8909,100.67172984909355,0.8351,0.021,0.0112,0.1609,19,169,1533,2
2024-09-02 13:55:32,65ms,a85e712cdf7c4274ab1e9a3578bc3eb7,sneaky-ant-805,LOCAL,/opt/anaconda3/envs/python312/lib/python3.12/site-packages/ipykernel_launcher.py,zeerakwyne,FINISHED,Fe (%) Ca (%) Na (%) K (%) Al (%) Mg (%) CCPI Ishikawa K/(Al-Na) As (ppm),1.5,[ 1.725 11.5    0.575  0.575  2.3    0.575  0.46   0.345  0.575  0.575],45.0,0.863,82.78099018027243,0.8508,0.1465,0.3806,0.0907,216,20,1475,12
2024-09-02 13:55:32,23ms,eecddd5d8e254752ae51b8160cf5023b,incongruous-zebra-16,LOCAL,/opt/anaconda3/envs/python312/lib/python3.12/site-packages/ipykernel_launcher.py,zeerakwyne,FINISHED,,,,,,,,,,,,,,
2024-09-02 13:55:32,21ms,7960ffaf245c4b67ba291794d480079b,hilarious-lark-373,LOCAL,/opt/anaconda3/envs/python312/lib/python3.12/site-packages/ipykernel_launcher.py,zeerakwyne,FINISHED,,,,,,,,,,,,,,
2024-09-02 13:55:32,22ms,2f147b8b51ee45f6813695e5fbd158c8,delicate-dog-390,LOCAL,/opt/anaconda3/envs/python312/lib/python3.12/site-packages/ipykernel_launcher.py,zeerakwyne,FINISHED,,,,,,,,,,,,,,
2024-09-02 13:55:32,22ms,0fb13cdab8434c95ab88aa93d27be36f,efficient-slug-45,LOCAL,/opt/anaconda3/envs/python312/lib/python3.12/site-packages/ipykernel_launcher.py,zeerakwyne,FINISHED,,,,,,,,,,,,,,
2024-09-02 13:55:32,23ms,aeae98a751c0440a821ac905c468b456,able-skunk-275,LOCAL,/opt/anaconda3/envs/python312/lib/python3.12/site-packages/ipykernel_launcher.py,zeerakwyne,FINISHED,,,,,,,,,,,,,,
2024-09-02 13:55:32,67ms,df514bb144e343aab3aa448e77f19617,treasured-shad-398,LOCAL,/opt/anaconda3/envs/python312/lib/python3.12/site-packages/ipykernel_launcher.py,zeerakwyne,FINISHED,Fe (%) Ca (%) Na (%) K (%) Al (%) Mg (%) CCPI Ishikawa K/(Al-Na) As (ppm),2.5,[1.35 9.   0.45 0.45 1.8  0.45 0.36 0.27 0.45 0.45],45.0,0.8143,101.48455922885398,0.7727,0.2322,0.2229,0.2422,193,127,1368,35
2024-09-02 13:55:31,83ms,e8d268548ad04c81a4d3e7e29219de67,unleashed-stoat-112,LOCAL,/opt/anaconda3/envs/python312/lib/python3.12/site-packages/ipykernel_launcher.py,zeerakwyne,FINISHED,Fe (%) Ca (%) Na (%) K (%) Al (%) Mg (%) CCPI Ishikawa K/(Al-Na) As (ppm),2.5,[1.35 9.   0.45 0.45 1.8  0.45 0.36 0.27 0.45 0.45],100.0,0.8961,76.34249952232894,0.8385,0.0219,0.0117,0.1652,19,160,1542,2
2024-09-02 13:55:31,67ms,9efb4884eeb44516bfa0c36af1988547,popular-stoat-527,LOCAL,/opt/anaconda3/envs/python312/lib/python3.12/site-packages/ipykernel_launcher.py,zeerakwyne,FINISHED,Fe (%) Ca (%) Na (%) K (%) Al (%) Mg (%) CCPI Ishikawa K/(Al-Na) As (ppm),2.0,[1.35 9.   0.45 0.45 1.8  0.45 0.36 0.27 0.45 0.45],45.0,0.859,68.77257751827365,0.8428,0.1635,0.3337,0.1083,214,29,1466,14
2024-09-02 13:55:31,23ms,26033f3ff605457e8c3ce024fa8529d0,orderly-bass-39,LOCAL,/opt/anaconda3/envs/python312/lib/python3.12/site-packages/ipykernel_launcher.py,zeerakwyne,FINISHED,,,,,,,,,,,,,,
2024-09-02 13:55:31,66ms,9324bdd589204307b0fb871054a684c4,aged-squirrel-721,LOCAL,/opt/anaconda3/envs/python312/lib/python3.12/site-packages/ipykernel_launcher.py,zeerakwyne,FINISHED,Fe (%) Ca (%) Na (%) K (%) Al (%) Mg (%) CCPI Ishikawa K/(Al-Na) As (ppm),1.5,[1.35 9.   0.45 0.45 1.8  0.45 0.36 0.27 0.45 0.45],45.0,0.8688,60.041452689243535,0.8605,0.05,0.7414,0.0259,225,1,1494,3
2024-09-02 13:55:31,22ms,9e05c7195126457bb785598a76e475a5,abrasive-newt-63,LOCAL,/opt/anaconda3/envs/python312/lib/python3.12/site-packages/ipykernel_launcher.py,zeerakwyne,FINISHED,,,,,,,,,,,,,,
2024-09-02 13:55:31,23ms,af94fc9a442c4dfb98b7fed43ffe5796,rare-grouse-701,LOCAL,/opt/anaconda3/envs/python312/lib/python3.12/site-packages/ipykernel_launcher.py,zeerakwyne,FINISHED,,,,,,,,,,,,,,
2024-09-02 13:55:31,22ms,2aed5447e24b48de9b0113aff7b318d5,capricious-crab-194,LOCAL,/opt/anaconda3/envs/python312/lib/python3.12/site-packages/ipykernel_launcher.py,zeerakwyne,FINISHED,,,,,,,,,,,,,,
2024-09-02 13:55:31,22ms,7f7673fccdda49a1a4ab6885ae1f2257,intelligent-bear-236,LOCAL,/opt/anaconda3/envs/python312/lib/python3.12/site-packages/ipykernel_launcher.py,zeerakwyne,FINISHED,,,,,,,,,,,,,,
2024-09-02 13:55:31,23ms,36f4fd8acfc04b988e81d9489e4c94fd,dazzling-conch-386,LOCAL,/opt/anaconda3/envs/python312/lib/python3.12/site-packages/ipykernel_launcher.py,zeerakwyne,FINISHED,,,,,,,,,,,,,,
2024-09-02 13:55:31,67ms,14a30476f9c4499a980f8272d7154259,mercurial-finch-470,LOCAL,/opt/anaconda3/envs/python312/lib/python3.12/site-packages/ipykernel_launcher.py,zeerakwyne,FINISHED,Fe (%) Ca (%) Na (%) K (%) Al (%) Mg (%) CCPI Ishikawa K/(Al-Na) As (ppm),2.5,[ 1.575 10.5    0.525  0.525  2.1    0.525  0.42   0.315  0.525  0.525],45.0,0.7626,154.01452929288618,0.7045,0.248,0.1937,0.3444,174,235,1260,54
2024-09-02 13:55:31,67ms,43b32f20c9a24200afb019c4fb2a3cd4,clumsy-sow-564,LOCAL,/opt/anaconda3/envs/python312/lib/python3.12/site-packages/ipykernel_launcher.py,zeerakwyne,FINISHED,Fe (%) Ca (%) Na (%) K (%) Al (%) Mg (%) CCPI Ishikawa K/(Al-Na) As (ppm),2.5,[ 1.575 10.5    0.525  0.525  2.1    0.525  0.42   0.315  0.525  0.525],100.0,0.8247,138.7616565959009,0.7441,0.0252,0.0132,0.302,17,285,1417,4
2024-09-02 13:55:31,66ms,a14fa035837444b5a8352bee3a9341aa,rambunctious-fish-67,LOCAL,/opt/anaconda3/envs/python312/lib/python3.12/site-packages/ipykernel_launcher.py,zeerakwyne,FINISHED,Fe (%) Ca (%) Na (%) K (%) Al (%) Mg (%) CCPI Ishikawa K/(Al-Na) As (ppm),2.0,[ 1.575 10.5    0.525  0.525  2.1    0.525  0.42   0.315  0.525  0.525],45.0,0.8282,106.61395656856811,0.795,0.1916,0.2166,0.1717,204,92,1403,24
2024-09-02 13:55:31,67ms,2c1230839542404394ec196618f68411,calm-flea-418,LOCAL,/opt/anaconda3/envs/python312/lib/python3.12/site-packages/ipykernel_launcher.py,zeerakwyne,FINISHED,Fe (%) Ca (%) Na (%) K (%) Al (%) Mg (%) CCPI Ishikawa K/(Al-Na) As (ppm),2.0,[ 1.575 10.5    0.525  0.525  2.1    0.525  0.42   0.315  0.525  0.525],100.0,0.9216,68.10315027971625,0.8788,0.0151,0.0083,0.0849,20,115,1587,1
2024-09-02 13:55:31,64ms,72f531d197b64cdbb1470fcf442a161b,redolent-cub-176,LOCAL,/opt/anaconda3/envs/python312/lib/python3.12/site-packages/ipykernel_launcher.py,zeerakwyne,FINISHED,Fe (%) Ca (%) Na (%) K (%) Al (%) Mg (%) CCPI Ishikawa K/(Al-Na) As (ppm),1.5,[ 1.575 10.5    0.525  0.525  2.1    0.525  0.42   0.315  0.525  0.525],45.0,0.8671,71.59238335892805,0.8577,0.1007,0.4739,0.0563,221,8,1487,7
2024-09-02 13:55:31,21ms,f1c9950fbb61469b9c9936b0ef0a1e33,marvelous-hen-477,LOCAL,/opt/anaconda3/envs/python312/lib/python3.12/site-packages/ipykernel_launcher.py,zeerakwyne,FINISHED,,,,,,,,,,,,,,
2024-09-02 13:55:31,21ms,8d2111895782427aaa0b3cce57628a5f,redolent-fish-84,LOCAL,/opt/anaconda3/envs/python312/lib/python3.12/site-packages/ipykernel_launcher.py,zeerakwyne,FINISHED,,,,,,,,,,,,,,
2024-09-02 13:55:31,22ms,9d5e85edbef3463f939707bfb9a021ef,fortunate-yak-180,LOCAL,/opt/anaconda3/envs/python312/lib/python3.12/site-packages/ipykernel_launcher.py,zeerakwyne,FINISHED,,,,,,,,,,,,,,
2024-09-02 13:55:31,22ms,cfabf847bcf8441591dfef5070d0ecd2,rare-hawk-996,LOCAL,/opt/anaconda3/envs/python312/lib/python3.12/site-packages/ipykernel_launcher.py,zeerakwyne,FINISHED,,,,,,,,,,,,,,
2024-09-02 13:55:31,24ms,fd4d86a6671e4c37b125bac2475b9178,big-shark-669,LOCAL,/opt/anaconda3/envs/python312/lib/python3.12/site-packages/ipykernel_launcher.py,zeerakwyne,FINISHED,,,,,,,,,,,,,,
2024-09-02 13:55:31,65ms,59866ba76f3149748fda366ad6312587,big-smelt-972,LOCAL,/opt/anaconda3/envs/python312/lib/python3.12/site-packages/ipykernel_launcher.py,zeerakwyne,FINISHED,Fe (%) Ca (%) Na (%) K (%) Al (%) Mg (%) CCPI Ishikawa K/(Al-Na) As (ppm),2.5,[ 1.8  12.    0.6   0.6   2.4   0.6   0.48  0.36  0.6   0.6 ],45.0,0.6692,239.9192232974275,0.5929,0.249,0.1683,0.4784,147,423,1072,81
2024-09-02 13:55:31,67ms,7e38919c92d947f19680c0959521dcbf,brawny-donkey-681,LOCAL,/opt/anaconda3/envs/python312/lib/python3.12/site-packages/ipykernel_launcher.py,zeerakwyne,FINISHED,Fe (%) Ca (%) Na (%) K (%) Al (%) Mg (%) CCPI Ishikawa K/(Al-Na) As (ppm),2.5,[ 1.8  12.    0.6   0.6   2.4   0.6   0.48  0.36  0.6   0.6 ],100.0,0.7023,243.1322219809757,0.5976,0.0232,0.0119,0.4342,15,498,1204,6
2024-09-02 13:55:30,63ms,4e791447392a49cd9da5452dbe7d4d69,delicate-moose-702,LOCAL,/opt/anaconda3/envs/python312/lib/python3.12/site-packages/ipykernel_launcher.py,zeerakwyne,FINISHED,Fe (%) Ca (%) Na (%) K (%) Al (%) Mg (%) CCPI Ishikawa K/(Al-Na) As (ppm),2.0,[ 1.8  12.    0.6   0.6   2.4   0.6   0.48  0.36  0.6   0.6 ],45.0,0.8021,143.93416636710532,0.759,0.2398,0.216,0.2694,187,154,1341,41
2024-09-02 13:55:30,69ms,9da488cf32564e7098376a72af8ed48c,treasured-cow-523,LOCAL,/opt/anaconda3/envs/python312/lib/python3.12/site-packages/ipykernel_launcher.py,zeerakwyne,FINISHED,Fe (%) Ca (%) Na (%) K (%) Al (%) Mg (%) CCPI Ishikawa K/(Al-Na) As (ppm),2.0,[ 1.8  12.    0.6   0.6   2.4   0.6   0.48  0.36  0.6   0.6 ],100.0,0.877,116.39427385377205,0.8166,0.0188,0.01,0.1601,19,193,1509,2
2024-09-02 13:55:30,63ms,34cd24b2870c46eabeb13ff6d106000d,lyrical-shrew-800,LOCAL,/opt/anaconda3/envs/python312/lib/python3.12/site-packages/ipykernel_launcher.py,zeerakwyne,FINISHED,Fe (%) Ca (%) Na (%) K (%) Al (%) Mg (%) CCPI Ishikawa K/(Al-Na) As (ppm),1.5,[ 1.8  12.    0.6   0.6   2.4   0.6   0.48  0.36  0.6   0.6 ],45.0,0.859,90.66560608728321,0.8442,0.1583,0.3328,0.1039,214,29,1466,14
2024-09-02 13:55:30,22ms,d45ed5445b2a48f2a1d0c6bd328a668c,rare-sow-112,LOCAL,/opt/anaconda3/envs/python312/lib/python3.12/site-packages/ipykernel_launcher.py,zeerakwyne,FINISHED,,,,,,,,,,,,,,
2024-09-02 13:55:30,21ms,cd2da47421f845e7b1c14ddacc2cfa45,mysterious-rook-257,LOCAL,/opt/anaconda3/envs/python312/lib/python3.12/site-packages/ipykernel_launcher.py,zeerakwyne,FINISHED,,,,,,,,,,,,,,
2024-09-02 13:55:30,22ms,acfe83181e4943b7b9121ca21492bd3e,rare-whale-642,LOCAL,/opt/anaconda3/envs/python312/lib/python3.12/site-packages/ipykernel_launcher.py,zeerakwyne,FINISHED,,,,,,,,,,,,,,
2024-09-02 13:55:30,22ms,1bae5f1e06f74f328bd7c0c447759ceb,sincere-wolf-280,LOCAL,/opt/anaconda3/envs/python312/lib/python3.12/site-packages/ipykernel_launcher.py,zeerakwyne,FINISHED,,,,,,,,,,,,,,
2024-09-02 13:55:30,23ms,2686e4fe4833454c87bec2985423227a,handsome-colt-740,LOCAL,/opt/anaconda3/envs/python312/lib/python3.12/site-packages/ipykernel_launcher.py,zeerakwyne,FINISHED,,,,,,,,,,,,,,
2024-09-02 13:55:30,69ms,127c77c86eb2454587ea961da3cf8278,loud-sponge-427,LOCAL,/opt/anaconda3/envs/python312/lib/python3.12/site-packages/ipykernel_launcher.py,zeerakwyne,FINISHED,Fe (%) Ca (%) Na (%) K (%) Al (%) Mg (%) CCPI Ishikawa K/(Al-Na) As (ppm),2.5,[1.2  8.   0.4  0.4  1.6  0.4  0.32 0.24 0.4  0.4 ],45.0,0.8427,72.70168172125919,0.8153,0.2081,0.2664,0.1707,205,66,1429,23
2024-09-02 13:55:30,68ms,0c84085987c543e3bc4a9731ddcdf34b,adventurous-lamb-359,LOCAL,/opt/anaconda3/envs/python312/lib/python3.12/site-packages/ipykernel_launcher.py,zeerakwyne,FINISHED,Fe (%) Ca (%) Na (%) K (%) Al (%) Mg (%) CCPI Ishikawa K/(Al-Na) As (ppm),2.5,[1.2  8.   0.4  0.4  1.6  0.4  0.32 0.24 0.4  0.4 ],100.0,0.9373,42.44832175922251,0.8999,0.0188,0.0105,0.0877,20,88,1614,1
2024-09-02 13:55:30,63ms,98eb8de3e5634f569fcf504f9a0b6312,whimsical-worm-650,LOCAL,/opt/anaconda3/envs/python312/lib/python3.12/site-packages/ipykernel_launcher.py,zeerakwyne,FINISHED,Fe (%) Ca (%) Na (%) K (%) Al (%) Mg (%) CCPI Ishikawa K/(Al-Na) As (ppm),2.0,[1.2  8.   0.4  0.4  1.6  0.4  0.32 0.24 0.4  0.4 ],45.0,0.8659,55.99679200858819,0.8547,0.1033,0.4224,0.0588,221,10,1485,7
2024-09-02 13:55:30,22ms,92b76a236cb64272aa07d438fba73ac2,incongruous-hare-809,LOCAL,/opt/anaconda3/envs/python312/lib/python3.12/site-packages/ipykernel_launcher.py,zeerakwyne,FINISHED,,,,,,,,,,,,,,
2024-09-02 13:55:30,23ms,51b61c5306b84e71bf74265f2c57a41b,learned-koi-241,LOCAL,/opt/anaconda3/envs/python312/lib/python3.12/site-packages/ipykernel_launcher.py,zeerakwyne,FINISHED,,,,,,,,,,,,,,
2024-09-02 13:55:30,23ms,b657bd798d0d439f8b33894c8e5e3847,incongruous-gull-916,LOCAL,/opt/anaconda3/envs/python312/lib/python3.12/site-packages/ipykernel_launcher.py,zeerakwyne,FINISHED,,,,,,,,,,,,,,
2024-09-02 13:55:30,23ms,b828952a80014c43bbd9e3dbe34ad129,polite-slug-832,LOCAL,/opt/anaconda3/envs/python312/lib/python3.12/site-packages/ipykernel_launcher.py,zeerakwyne,FINISHED,,,,,,,,,,,,,,
2024-09-02 13:55:30,23ms,e095d53644af4ab1b51bd6cc02273902,kindly-slug-727,LOCAL,/opt/anaconda3/envs/python312/lib/python3.12/site-packages/ipykernel_launcher.py,zeerakwyne,FINISHED,,,,,,,,,,,,,,
2024-09-02 13:55:30,22ms,5b03d01b6f1a4397bb8395fb783da9d7,colorful-moth-229,LOCAL,/opt/anaconda3/envs/python312/lib/python3.12/site-packages/ipykernel_launcher.py,zeerakwyne,FINISHED,,,,,,,,,,,,,,
2024-09-02 13:55:30,22ms,39dfdb30a84341f1a12b606a409c8be6,indecisive-fox-52,LOCAL,/opt/anaconda3/envs/python312/lib/python3.12/site-packages/ipykernel_launcher.py,zeerakwyne,FINISHED,,,,,,,,,,,,,,
2024-09-02 13:55:30,63ms,5f4b2c11c9dd42e3afc5fe17e2866b95,fearless-dolphin-408,LOCAL,/opt/anaconda3/envs/python312/lib/python3.12/site-packages/ipykernel_launcher.py,zeerakwyne,FINISHED,Fe (%) Ca (%) Na (%) K (%) Al (%) Mg (%) CCPI Ishikawa K/(Al-Na) As (ppm),2.5,[ 1.65 11.    0.55  0.55  2.2   0.55  0.44  0.33  0.55  0.55],45.0,0.7458,172.4098741980655,0.6838,0.2713,0.2011,0.4165,160,278,1217,68
2024-09-02 13:55:30,69ms,01f33cbd60e249fb90cf348a92c1ce2e,righteous-stork-560,LOCAL,/opt/anaconda3/envs/python312/lib/python3.12/site-packages/ipykernel_launcher.py,zeerakwyne,FINISHED,Fe (%) Ca (%) Na (%) K (%) Al (%) Mg (%) CCPI Ishikawa K/(Al-Na) As (ppm),2.5,[ 1.65 11.    0.55  0.55  2.2   0.55  0.44  0.33  0.55  0.55],100.0,0.794,165.87454117046516,0.706,0.0316,0.0164,0.4373,15,340,1362,6
2024-09-02 13:55:30,71ms,0987e091fcbc49e392cd7fcd4128c38b,auspicious-koi-48,LOCAL,/opt/anaconda3/envs/python312/lib/python3.12/site-packages/ipykernel_launcher.py,zeerakwyne,FINISHED,Fe (%) Ca (%) Na (%) K (%) Al (%) Mg (%) CCPI Ishikawa K/(Al-Na) As (ppm),2.0,[ 1.65 11.    0.55  0.55  2.2   0.55  0.44  0.33  0.55  0.55],45.0,0.8189,119.24785830112296,0.7817,0.2305,0.2296,0.2313,194,118,1377,34
2024-09-02 13:55:29,78ms,8fd5645a9ea04dc999088269ad0e8237,thundering-goose-835,LOCAL,/opt/anaconda3/envs/python312/lib/python3.12/site-packages/ipykernel_launcher.py,zeerakwyne,FINISHED,Fe (%) Ca (%) Na (%) K (%) Al (%) Mg (%) CCPI Ishikawa K/(Al-Na) As (ppm),2.0,[ 1.65 11.    0.55  0.55  2.2   0.55  0.44  0.33  0.55  0.55],100.0,0.9019,87.65571448087368,0.8502,0.0232,0.0125,0.1617,19,150,1552,2
2024-09-02 13:55:29,96ms,558a3c1bd37945c3988f28c42a465375,handsome-goat-896,LOCAL,/opt/anaconda3/envs/python312/lib/python3.12/site-packages/ipykernel_launcher.py,zeerakwyne,FINISHED,Fe (%) Ca (%) Na (%) K (%) Al (%) Mg (%) CCPI Ishikawa K/(Al-Na) As (ppm),1.5,[ 1.65 11.    0.55  0.55  2.2   0.55  0.44  0.33  0.55  0.55],45.0,0.863,79.31376615936583,0.8506,0.0956,0.3309,0.0559,221,15,1480,7
2024-09-02 13:55:29,23ms,e2012d941d17404ab94abd88fbfee84e,glamorous-dove-35,LOCAL,/opt/anaconda3/envs/python312/lib/python3.12/site-packages/ipykernel_launcher.py,zeerakwyne,FINISHED,,,,,,,,,,,,,,
2024-09-02 13:55:29,23ms,f5fa3fad4f76448c9f90130beb3e7127,worried-ape-6,LOCAL,/opt/anaconda3/envs/python312/lib/python3.12/site-packages/ipykernel_launcher.py,zeerakwyne,FINISHED,,,,,,,,,,,,,,
2024-09-02 13:55:29,23ms,416d519d6f634bd8be6db4ce701ee976,trusting-foal-906,LOCAL,/opt/anaconda3/envs/python312/lib/python3.12/site-packages/ipykernel_launcher.py,zeerakwyne,FINISHED,,,,,,,,,,,,,,
2024-09-02 13:55:29,23ms,2551d256dcfc480abc7aae6247f85923,omniscient-croc-563,LOCAL,/opt/anaconda3/envs/python312/lib/python3.12/site-packages/ipykernel_launcher.py,zeerakwyne,FINISHED,,,,,,,,,,,,,,
2024-09-02 13:55:29,23ms,fcff04f628c646dbab436a7d0d2150a4,crawling-worm-524,LOCAL,/opt/anaconda3/envs/python312/lib/python3.12/site-packages/ipykernel_launcher.py,zeerakwyne,FINISHED,,,,,,,,,,,,,,
2024-09-02 13:55:29,68ms,200057ad4ee84177b46fa6d8ff8d750a,placid-koi-748,LOCAL,/opt/anaconda3/envs/python312/lib/python3.12/site-packages/ipykernel_launcher.py,zeerakwyne,FINISHED,Fe (%) Ca (%) Na (%) K (%) Al (%) Mg (%) CCPI Ishikawa K/(Al-Na) As (ppm),2.5,[1.35 9.   0.45 0.45 1.8  0.45 0.36 0.27 0.45 0.45],45.0,0.8143,101.48455922885398,0.7727,0.2322,0.2229,0.2422,193,127,1368,35
2024-09-02 13:55:29,71ms,b1072900f7ae4927b462b2e7776d3fb2,industrious-bird-644,LOCAL,/opt/anaconda3/envs/python312/lib/python3.12/site-packages/ipykernel_launcher.py,zeerakwyne,FINISHED,Fe (%) Ca (%) Na (%) K (%) Al (%) Mg (%) CCPI Ishikawa K/(Al-Na) As (ppm),2.5,[1.35 9.   0.45 0.45 1.8  0.45 0.36 0.27 0.45 0.45],100.0,0.8961,76.34249952232894,0.8385,0.0219,0.0117,0.1652,19,160,1542,2
2024-09-02 13:55:29,68ms,65435579bf6d459eab62c3d85ca6c5b4,welcoming-swan-233,LOCAL,/opt/anaconda3/envs/python312/lib/python3.12/site-packages/ipykernel_launcher.py,zeerakwyne,FINISHED,Fe (%) Ca (%) Na (%) K (%) Al (%) Mg (%) CCPI Ishikawa K/(Al-Na) As (ppm),2.0,[1.35 9.   0.45 0.45 1.8  0.45 0.36 0.27 0.45 0.45],45.0,0.859,68.77257751827365,0.8428,0.1635,0.3337,0.1083,214,29,1466,14
2024-09-02 13:55:29,24ms,4c5bfd5490df4cb78fc33c14527cbea3,brawny-vole-904,LOCAL,/opt/anaconda3/envs/python312/lib/python3.12/site-packages/ipykernel_launcher.py,zeerakwyne,FINISHED,,,,,,,,,,,,,,
2024-09-02 13:55:29,70ms,3b3f7ea8770044a59d21c65e26c4429c,abundant-stoat-257,LOCAL,/opt/anaconda3/envs/python312/lib/python3.12/site-packages/ipykernel_launcher.py,zeerakwyne,FINISHED,Fe (%) Ca (%) Na (%) K (%) Al (%) Mg (%) CCPI Ishikawa K/(Al-Na) As (ppm),1.5,[1.35 9.   0.45 0.45 1.8  0.45 0.36 0.27 0.45 0.45],45.0,0.8688,60.041452689243535,0.8605,0.05,0.7414,0.0259,225,1,1494,3
2024-09-02 13:55:29,24ms,924d2bbf64404bae9b4ec96012992bd6,masked-shrike-248,LOCAL,/opt/anaconda3/envs/python312/lib/python3.12/site-packages/ipykernel_launcher.py,zeerakwyne,FINISHED,,,,,,,,,,,,,,
2024-09-02 13:55:29,25ms,978790a44d6842bf962e081e208510aa,fearless-shoat-62,LOCAL,/opt/anaconda3/envs/python312/lib/python3.12/site-packages/ipykernel_launcher.py,zeerakwyne,FINISHED,,,,,,,,,,,,,,
2024-09-02 13:55:29,26ms,7b94beb5755e41a98c05d342a728127a,marvelous-shrew-243,LOCAL,/opt/anaconda3/envs/python312/lib/python3.12/site-packages/ipykernel_launcher.py,zeerakwyne,FINISHED,,,,,,,,,,,,,,
2024-09-02 13:55:29,24ms,a053dce47fa44e7bb2a2a05ba0bfcc7e,lyrical-horse-362,LOCAL,/opt/anaconda3/envs/python312/lib/python3.12/site-packages/ipykernel_launcher.py,zeerakwyne,FINISHED,,,,,,,,,,,,,,
2024-09-02 13:55:29,23ms,7bdbbe902ee0415b81f878fd6ea76ec9,suave-crab-729,LOCAL,/opt/anaconda3/envs/python312/lib/python3.12/site-packages/ipykernel_launcher.py,zeerakwyne,FINISHED,,,,,,,,,,,,,,
2024-09-02 13:55:29,74ms,d1c4f32df0a444538221b2bf3f9d3a85,gregarious-steed-859,LOCAL,/opt/anaconda3/envs/python312/lib/python3.12/site-packages/ipykernel_launcher.py,zeerakwyne,FINISHED,Fe (%) Ca (%) Na (%) K (%) Al (%) Mg (%) CCPI Ishikawa K/(Al-Na) As (ppm),2.5,[ 1.5 10.   0.5  0.5  2.   0.5  0.4  0.3  0.5  0.5],45.0,0.7847,132.71607675460498,0.7329,0.2427,0.2027,0.3023,182,189,1306,46
2024-09-02 13:55:29,69ms,4ed5538992e545ce9506a60da9adf221,efficient-doe-711,LOCAL,/opt/anaconda3/envs/python312/lib/python3.12/site-packages/ipykernel_launcher.py,zeerakwyne,FINISHED,Fe (%) Ca (%) Na (%) K (%) Al (%) Mg (%) CCPI Ishikawa K/(Al-Na) As (ppm),2.5,[ 1.5 10.   0.5  0.5  2.   0.5  0.4  0.3  0.5  0.5],100.0,0.8537,113.65457813954116,0.7815,0.0161,0.0085,0.1634,19,233,1469,2
2024-09-02 13:55:29,66ms,f41231a3fc844c0390482f78e9a83463,youthful-shrike-887,LOCAL,/opt/anaconda3/envs/python312/lib/python3.12/site-packages/ipykernel_launcher.py,zeerakwyne,FINISHED,Fe (%) Ca (%) Na (%) K (%) Al (%) Mg (%) CCPI Ishikawa K/(Al-Na) As (ppm),2.0,[ 1.5 10.   0.5  0.5  2.   0.5  0.4  0.3  0.5  0.5],45.0,0.8427,90.15462660040309,0.8169,0.2046,0.2657,0.1663,205,66,1429,23
2024-09-02 13:55:28,65ms,2346026fde9b4ce48052004c0b82aa86,glamorous-midge-704,LOCAL,/opt/anaconda3/envs/python312/lib/python3.12/site-packages/ipykernel_launcher.py,zeerakwyne,FINISHED,Fe (%) Ca (%) Na (%) K (%) Al (%) Mg (%) CCPI Ishikawa K/(Al-Na) As (ppm),2.0,[ 1.5 10.   0.5  0.5  2.   0.5  0.4  0.3  0.5  0.5],100.0,0.9373,52.49947223005361,0.9023,0.0188,0.0106,0.0855,20,88,1614,1
2024-09-02 13:55:28,74ms,1180b97019d04c26a6e1ca77fad43ea4,whimsical-yak-925,LOCAL,/opt/anaconda3/envs/python312/lib/python3.12/site-packages/ipykernel_launcher.py,zeerakwyne,FINISHED,Fe (%) Ca (%) Na (%) K (%) Al (%) Mg (%) CCPI Ishikawa K/(Al-Na) As (ppm),1.5,[ 1.5 10.   0.5  0.5  2.   0.5  0.4  0.3  0.5  0.5],45.0,0.8694,65.85522853065497,0.8618,0.0916,0.6636,0.0492,222,3,1492,6
2024-09-02 13:55:28,24ms,e6b00455d0304ec48df30eb4907fe0cd,illustrious-bass-137,LOCAL,/opt/anaconda3/envs/python312/lib/python3.12/site-packages/ipykernel_launcher.py,zeerakwyne,FINISHED,,,,,,,,,,,,,,
2024-09-02 13:55:28,26ms,b2ccfac80ee842acb1f7dcef91111e9e,skittish-snipe-313,LOCAL,/opt/anaconda3/envs/python312/lib/python3.12/site-packages/ipykernel_launcher.py,zeerakwyne,FINISHED,,,,,,,,,,,,,,
2024-09-02 13:55:28,24ms,950227f210694c1682da864386802950,incongruous-goat-517,LOCAL,/opt/anaconda3/envs/python312/lib/python3.12/site-packages/ipykernel_launcher.py,zeerakwyne,FINISHED,,,,,,,,,,,,,,
2024-09-02 13:55:28,23ms,a623c20619d34555997d41d2b5a5b150,dashing-yak-966,LOCAL,/opt/anaconda3/envs/python312/lib/python3.12/site-packages/ipykernel_launcher.py,zeerakwyne,FINISHED,,,,,,,,,,,,,,
2024-09-02 13:55:28,30ms,45ec765191bb4d60a4f755cea9403f9f,amusing-sloth-509,LOCAL,/opt/anaconda3/envs/python312/lib/python3.12/site-packages/ipykernel_launcher.py,zeerakwyne,FINISHED,,,,,,,,,,,,,,
