Start Time,Duration,Run ID,Name,Source Type,Source Name,User,Status,Elements,GOLD_THRESHOLD,difference_threshold,normalization_vector,Accuracy,Loss,Weighted accuracy,Weighted f1,Weighted precision,Weighted recall,fn,fp,tn,tp
2024-07-23 16:27:41,107ms,d02d4983cfed41d7affda5ec937b7110,bold-ray-215,LOCAL,/opt/anaconda3/envs/python312/lib/python3.12/site-packages/ipykernel_launcher.py,zeerakwyne,FINISHED,Fe (%) Ca (%) Na (%) K (%) Al (%) Cu (ppm) Mg (%) CCPI,3.0,2.5,[ 5.5   5.5   3.5   3.    9.5  22.5   4.    0.55],0.9435,90.48625209841416,0.9017,0.2176,0.1526,0.3789,75,117,3185,20
2024-07-23 16:27:41,104ms,9151c229173a470f828b399e679c520f,debonair-bee-421,LOCAL,/opt/anaconda3/envs/python312/lib/python3.12/site-packages/ipykernel_launcher.py,zeerakwyne,FINISHED,Fe (%) Ca (%) Na (%) K (%) Al (%) Cu (ppm) Mg (%) CCPI,2.5,2.5,[ 5.5   5.5   3.5   3.    9.5  22.5   4.    0.55],0.9388,92.21185595433772,0.8982,0.2304,0.1701,0.3568,93,115,3167,22
2024-07-23 16:27:41,98ms,3ca66b61f7c14ef787c819eb8eb5ca30,dapper-asp-525,LOCAL,/opt/anaconda3/envs/python312/lib/python3.12/site-packages/ipykernel_launcher.py,zeerakwyne,FINISHED,Fe (%) Ca (%) Na (%) K (%) Al (%) Cu (ppm) Mg (%) CCPI,2.0,2.5,[ 5.5   5.5   3.5   3.    9.5  22.5   4.    0.55],0.9323,94.76054791018504,0.8937,0.2525,0.2004,0.341,119,111,3141,26
2024-07-23 16:27:41,92ms,45e03a74eaac4bc794e534a3505932a4,unique-bee-648,LOCAL,/opt/anaconda3/envs/python312/lib/python3.12/site-packages/ipykernel_launcher.py,zeerakwyne,FINISHED,Fe (%) Ca (%) Na (%) K (%) Al (%) Cu (ppm) Mg (%) CCPI,3.0,2.0,[ 5.5   5.5   3.5   3.    9.5  22.5   4.    0.55],0.9567,71.600360071308,0.9246,0.2279,0.1806,0.3085,80,67,3235,15
2024-07-23 16:27:41,88ms,77b05185e9d44b9fb5230079dcac5f9d,awesome-ram-830,LOCAL,/opt/anaconda3/envs/python312/lib/python3.12/site-packages/ipykernel_launcher.py,zeerakwyne,FINISHED,Fe (%) Ca (%) Na (%) K (%) Al (%) Cu (ppm) Mg (%) CCPI,2.5,2.0,[ 5.5   5.5   3.5   3.    9.5  22.5   4.    0.55],0.9514,74.14978378742032,0.9201,0.2338,0.1979,0.2855,99,66,3216,16
2024-07-23 16:27:41,105ms,613957e807874387bc68227894611167,adorable-stag-117,LOCAL,/opt/anaconda3/envs/python312/lib/python3.12/site-packages/ipykernel_launcher.py,zeerakwyne,FINISHED,Fe (%) Ca (%) Na (%) K (%) Al (%) Cu (ppm) Mg (%) CCPI,2.0,2.0,[ 5.5   5.5   3.5   3.    9.5  22.5   4.    0.55],0.9444,77.58382566213822,0.9145,0.2517,0.2334,0.2732,126,63,3189,19
2024-07-23 16:27:41,90ms,3bddaf2886fd4782a4398c2a2a76ce59,painted-stoat-812,LOCAL,/opt/anaconda3/envs/python312/lib/python3.12/site-packages/ipykernel_launcher.py,zeerakwyne,FINISHED,Fe (%) Ca (%) Na (%) K (%) Al (%) Cu (ppm) Mg (%) CCPI,3.0,1.5,[ 5.5   5.5   3.5   3.    9.5  22.5   4.    0.55],0.9611,63.413018922386,0.9337,0.17,0.1551,0.1882,87,45,3257,8
2024-07-23 16:27:41,118ms,6d47ae0316a049b9b85eada6002548d0,abundant-finch-447,LOCAL,/opt/anaconda3/envs/python312/lib/python3.12/site-packages/ipykernel_launcher.py,zeerakwyne,FINISHED,Fe (%) Ca (%) Na (%) K (%) Al (%) Cu (ppm) Mg (%) CCPI,2.5,1.5,[ 5.5   5.5   3.5   3.    9.5  22.5   4.    0.55],0.9558,65.96244263849832,0.9292,0.1816,0.1794,0.1839,106,44,3238,9
2024-07-23 16:27:41,97ms,ac70f0b1ed9a48c9b6b3709699d1d701,orderly-croc-233,LOCAL,/opt/anaconda3/envs/python312/lib/python3.12/site-packages/ipykernel_launcher.py,zeerakwyne,FINISHED,Fe (%) Ca (%) Na (%) K (%) Al (%) Cu (ppm) Mg (%) CCPI,2.0,1.5,[ 5.5   5.5   3.5   3.    9.5  22.5   4.    0.55],0.9488,69.39648451321622,0.9237,0.2082,0.2293,0.1907,133,41,3211,12
2024-07-23 16:27:40,89ms,b8325df45024484cbe3efed335b905d1,powerful-mink-371,LOCAL,/opt/anaconda3/envs/python312/lib/python3.12/site-packages/ipykernel_launcher.py,zeerakwyne,FINISHED,Fe (%) Ca (%) Na (%) K (%) Al (%) Cu (ppm) Mg (%) CCPI,3.0,1.0,[ 5.5   5.5   3.5   3.    9.5  22.5   4.    0.55],0.9682,45.294138522802484,0.9517,0.1107,0.1646,0.0834,92,16,3286,3
2024-07-23 16:27:40,97ms,6e9269567140476d95f671db989c08a4,abrasive-lamb-951,LOCAL,/opt/anaconda3/envs/python312/lib/python3.12/site-packages/ipykernel_launcher.py,zeerakwyne,FINISHED,Fe (%) Ca (%) Na (%) K (%) Al (%) Cu (ppm) Mg (%) CCPI,2.5,1.0,[ 5.5   5.5   3.5   3.    9.5  22.5   4.    0.55],0.9629,47.843562238914814,0.9472,0.1335,0.2227,0.0953,111,15,3267,4
2024-07-23 16:27:40,90ms,57109b306ded434b870207b91d1217f0,loud-shrike-426,LOCAL,/opt/anaconda3/envs/python312/lib/python3.12/site-packages/ipykernel_launcher.py,zeerakwyne,FINISHED,Fe (%) Ca (%) Na (%) K (%) Al (%) Cu (ppm) Mg (%) CCPI,2.0,1.0,[ 5.5   5.5   3.5   3.    9.5  22.5   4.    0.55],0.9541,55.63093584585161,0.9372,0.1148,0.2227,0.0773,141,15,3237,4
2024-07-23 16:27:40,35ms,8212a1f5c5ae44de8b3c79e44f6c38c5,classy-toad-774,LOCAL,/opt/anaconda3/envs/python312/lib/python3.12/site-packages/ipykernel_launcher.py,zeerakwyne,FINISHED,,,,,,,,,,,,,,
2024-07-23 16:27:40,31ms,347f0b6f0de04d9cb2ef9466f35c4aee,learned-fowl-911,LOCAL,/opt/anaconda3/envs/python312/lib/python3.12/site-packages/ipykernel_launcher.py,zeerakwyne,FINISHED,,,,,,,,,,,,,,
2024-07-23 16:27:40,31ms,ccb7855ac38147de9247567690011978,carefree-sponge-756,LOCAL,/opt/anaconda3/envs/python312/lib/python3.12/site-packages/ipykernel_launcher.py,zeerakwyne,FINISHED,,,,,,,,,,,,,,
2024-07-23 16:27:40,86ms,be5549f01dc94e8fba7482cc373e2c72,spiffy-fowl-575,LOCAL,/opt/anaconda3/envs/python312/lib/python3.12/site-packages/ipykernel_launcher.py,zeerakwyne,FINISHED,Fe (%) Ca (%) Na (%) K (%) Al (%) Cu (ppm) Mg (%) CCPI,3.0,2.5,[ 4.5   4.5   2.5   2.    7.5  17.5   3.    0.45],0.9573,54.209136203034966,0.9232,0.2149,0.172,0.2865,82,63,3239,13
2024-07-23 16:27:40,111ms,f208ef508e6a443097f1c6537bebc2f6,handsome-shark-625,LOCAL,/opt/anaconda3/envs/python312/lib/python3.12/site-packages/ipykernel_launcher.py,zeerakwyne,FINISHED,Fe (%) Ca (%) Na (%) K (%) Al (%) Cu (ppm) Mg (%) CCPI,2.5,2.5,[ 4.5   4.5   2.5   2.    7.5  17.5   3.    0.45],0.952,56.24001095108491,0.9188,0.2231,0.1907,0.2686,101,62,3220,14
2024-07-23 16:27:40,113ms,caf15bfc472a42bb8a08d8ef14b9927e,sincere-hound-673,LOCAL,/opt/anaconda3/envs/python312/lib/python3.12/site-packages/ipykernel_launcher.py,zeerakwyne,FINISHED,Fe (%) Ca (%) Na (%) K (%) Al (%) Cu (ppm) Mg (%) CCPI,2.0,2.5,[ 4.5   4.5   2.5   2.    7.5  17.5   3.    0.45],0.945,58.92732092204053,0.9134,0.2435,0.2282,0.2611,128,59,3193,17
2024-07-23 16:27:40,95ms,7a72d384f6ca4441a39b88b8dbfe6fea,invincible-stag-99,LOCAL,/opt/anaconda3/envs/python312/lib/python3.12/site-packages/ipykernel_launcher.py,zeerakwyne,FINISHED,Fe (%) Ca (%) Na (%) K (%) Al (%) Cu (ppm) Mg (%) CCPI,3.0,2.0,[ 4.5   4.5   2.5   2.    7.5  17.5   3.    0.45],0.9614,48.23376602743362,0.9321,0.1884,0.1678,0.2147,86,45,3257,9
2024-07-23 16:27:40,89ms,f1b320606b7d4772b1ec6fdace122c03,fearless-smelt-611,LOCAL,/opt/anaconda3/envs/python312/lib/python3.12/site-packages/ipykernel_launcher.py,zeerakwyne,FINISHED,Fe (%) Ca (%) Na (%) K (%) Al (%) Cu (ppm) Mg (%) CCPI,2.5,2.0,[ 4.5   4.5   2.5   2.    7.5  17.5   3.    0.45],0.9561,50.26464077548358,0.9277,0.1997,0.1922,0.2079,105,44,3238,10
2024-07-23 16:27:39,101ms,5a31d1a0082c40b798800c0a4d5ccc91,delicate-elk-928,LOCAL,/opt/anaconda3/envs/python312/lib/python3.12/site-packages/ipykernel_launcher.py,zeerakwyne,FINISHED,Fe (%) Ca (%) Na (%) K (%) Al (%) Cu (ppm) Mg (%) CCPI,2.0,2.0,[ 4.5   4.5   2.5   2.    7.5  17.5   3.    0.45],0.9491,52.95195074643919,0.9223,0.2254,0.241,0.2117,132,41,3211,13
2024-07-23 16:27:39,101ms,8d6d6e1dd7eb46ce9437fba4088b2715,peaceful-crab-964,LOCAL,/opt/anaconda3/envs/python312/lib/python3.12/site-packages/ipykernel_launcher.py,zeerakwyne,FINISHED,Fe (%) Ca (%) Na (%) K (%) Al (%) Cu (ppm) Mg (%) CCPI,3.0,1.5,[ 4.5   4.5   2.5   2.    7.5  17.5   3.    0.45],0.9661,39.66829360637115,0.9441,0.1491,0.1686,0.1336,90,25,3277,5
2024-07-23 16:27:39,98ms,4d0f259211ae4f5b8e9bb3a946bc9b8e,judicious-duck-437,LOCAL,/opt/anaconda3/envs/python312/lib/python3.12/site-packages/ipykernel_launcher.py,zeerakwyne,FINISHED,Fe (%) Ca (%) Na (%) K (%) Al (%) Cu (ppm) Mg (%) CCPI,2.5,1.5,[ 4.5   4.5   2.5   2.    7.5  17.5   3.    0.45],0.9608,41.699168354421104,0.9396,0.1669,0.208,0.1394,109,24,3258,6
2024-07-23 16:27:39,93ms,e3c5f80ce80a4986842c2b10d78e7ce3,defiant-tern-115,LOCAL,/opt/anaconda3/envs/python312/lib/python3.12/site-packages/ipykernel_launcher.py,zeerakwyne,FINISHED,Fe (%) Ca (%) Na (%) K (%) Al (%) Cu (ppm) Mg (%) CCPI,2.0,1.5,[ 4.5   4.5   2.5   2.    7.5  17.5   3.    0.45],0.9526,46.384368329226206,0.9314,0.1677,0.2378,0.1295,138,23,3229,7
2024-07-23 16:27:39,91ms,008f88384d204aca8c79f441e430f6e9,luxuriant-lark-885,LOCAL,/opt/anaconda3/envs/python312/lib/python3.12/site-packages/ipykernel_launcher.py,zeerakwyne,FINISHED,Fe (%) Ca (%) Na (%) K (%) Al (%) Cu (ppm) Mg (%) CCPI,3.0,1.0,[ 4.5   4.5   2.5   2.    7.5  17.5   3.    0.45],0.9712,26.795122081018164,0.9598,0.1005,0.2803,0.0612,93,5,3297,2
2024-07-23 16:27:39,85ms,a60c04b572b3402aa0a30c4017c21279,rare-elk-519,LOCAL,/opt/anaconda3/envs/python312/lib/python3.12/site-packages/ipykernel_launcher.py,zeerakwyne,FINISHED,Fe (%) Ca (%) Na (%) K (%) Al (%) Cu (ppm) Mg (%) CCPI,2.5,1.0,[ 4.5   4.5   2.5   2.    7.5  17.5   3.    0.45],0.9659,28.82599682906812,0.9554,0.132,0.4233,0.0782,112,4,3278,3
2024-07-23 16:27:39,80ms,30b25220ca3e4c2596e1afb14aad6cb3,dapper-crow-340,LOCAL,/opt/anaconda3/envs/python312/lib/python3.12/site-packages/ipykernel_launcher.py,zeerakwyne,FINISHED,Fe (%) Ca (%) Na (%) K (%) Al (%) Cu (ppm) Mg (%) CCPI,2.0,1.0,[ 4.5   4.5   2.5   2.    7.5  17.5   3.    0.45],0.957,34.865084374342985,0.9454,0.1104,0.4233,0.0635,142,4,3248,3
2024-07-23 16:27:39,39ms,ff8b956ab8a046bbb9ed6021c5c81ced,respected-hound-940,LOCAL,/opt/anaconda3/envs/python312/lib/python3.12/site-packages/ipykernel_launcher.py,zeerakwyne,FINISHED,,,,,,,,,,,,,,
2024-07-23 16:27:39,39ms,7d7d06fe3a364bb89177351389e51c67,exultant-croc-753,LOCAL,/opt/anaconda3/envs/python312/lib/python3.12/site-packages/ipykernel_launcher.py,zeerakwyne,FINISHED,,,,,,,,,,,,,,
2024-07-23 16:27:39,50ms,cd41b4c70c75412cb3776ade1d072ca5,chill-lark-102,LOCAL,/opt/anaconda3/envs/python312/lib/python3.12/site-packages/ipykernel_launcher.py,zeerakwyne,FINISHED,,,,,,,,,,,,,,
2024-07-23 16:27:39,92ms,98e70c76edc74fc485afa1069d4b0a9f,polite-quail-447,LOCAL,/opt/anaconda3/envs/python312/lib/python3.12/site-packages/ipykernel_launcher.py,zeerakwyne,FINISHED,Fe (%) Ca (%) Na (%) K (%) Al (%) Cu (ppm) Mg (%) CCPI,3.0,2.5,[ 6.5  6.5  4.5  4.  11.5 27.5  5.   0.6],0.9299,128.6271471346785,0.8852,0.2336,0.153,0.4936,65,173,3129,30
2024-07-23 16:27:39,86ms,82cb3921e8134c41b69e5726144222b5,charming-flea-831,LOCAL,/opt/anaconda3/envs/python312/lib/python3.12/site-packages/ipykernel_launcher.py,zeerakwyne,FINISHED,Fe (%) Ca (%) Na (%) K (%) Al (%) Cu (ppm) Mg (%) CCPI,2.5,2.5,[ 6.5  6.5  4.5  4.  11.5 27.5  5.   0.6],0.9252,130.74653893953393,0.8816,0.2426,0.1659,0.4516,83,171,3111,32
2024-07-23 16:27:38,83ms,3770e57a8787489094f26fd6bb34ecb0,omniscient-bat-725,LOCAL,/opt/anaconda3/envs/python312/lib/python3.12/site-packages/ipykernel_launcher.py,zeerakwyne,FINISHED,Fe (%) Ca (%) Na (%) K (%) Al (%) Cu (ppm) Mg (%) CCPI,2.0,2.5,[ 6.5  6.5  4.5  4.  11.5 27.5  5.   0.6],0.9193,133.07850427768736,0.8778,0.2645,0.1922,0.4241,108,166,3086,37
2024-07-23 16:27:38,99ms,e2234ac9dcd44703b73abd36611707be,wistful-asp-232,LOCAL,/opt/anaconda3/envs/python312/lib/python3.12/site-packages/ipykernel_launcher.py,zeerakwyne,FINISHED,Fe (%) Ca (%) Na (%) K (%) Al (%) Cu (ppm) Mg (%) CCPI,3.0,2.0,[ 6.5  6.5  4.5  4.  11.5 27.5  5.   0.6],0.9458,106.02153845338287,0.9085,0.2218,0.1588,0.3676,75,109,3193,20
2024-07-23 16:27:38,109ms,f6bae9951104486aae2db89542d83542,redolent-ox-774,LOCAL,/opt/anaconda3/envs/python312/lib/python3.12/site-packages/ipykernel_launcher.py,zeerakwyne,FINISHED,Fe (%) Ca (%) Na (%) K (%) Al (%) Cu (ppm) Mg (%) CCPI,2.5,2.0,[ 6.5  6.5  4.5  4.  11.5 27.5  5.   0.6],0.9411,108.14093025823828,0.9049,0.2338,0.1767,0.3453,93,107,3175,22
2024-07-23 16:27:38,104ms,992ced6738f94aeabbe760f5b8e951b5,amazing-hound-103,LOCAL,/opt/anaconda3/envs/python312/lib/python3.12/site-packages/ipykernel_launcher.py,zeerakwyne,FINISHED,Fe (%) Ca (%) Na (%) K (%) Al (%) Cu (ppm) Mg (%) CCPI,2.0,2.0,[ 6.5  6.5  4.5  4.  11.5 27.5  5.   0.6],0.9346,111.27660958100614,0.9003,0.2553,0.2083,0.3298,119,103,3149,26
2024-07-23 16:27:38,93ms,296d37222aaf4082a4aaf3822a3cbc11,worried-sow-883,LOCAL,/opt/anaconda3/envs/python312/lib/python3.12/site-packages/ipykernel_launcher.py,zeerakwyne,FINISHED,Fe (%) Ca (%) Na (%) K (%) Al (%) Cu (ppm) Mg (%) CCPI,3.0,1.5,[ 6.5  6.5  4.5  4.  11.5 27.5  5.   0.6],0.9579,84.44718366145389,0.9294,0.2209,0.1814,0.2824,81,62,3240,14
2024-07-23 16:27:38,82ms,082bc9497946467aa2aea164ca6093f4,resilient-frog-328,LOCAL,/opt/anaconda3/envs/python312/lib/python3.12/site-packages/ipykernel_launcher.py,zeerakwyne,FINISHED,Fe (%) Ca (%) Na (%) K (%) Al (%) Cu (ppm) Mg (%) CCPI,2.5,1.5,[ 6.5  6.5  4.5  4.  11.5 27.5  5.   0.6],0.9526,87.56355628575868,0.9248,0.2262,0.1991,0.2617,100,61,3221,15
2024-07-23 16:27:38,109ms,62e27fe3ba7e4c1994c3f96c95d35a73,skillful-fox-149,LOCAL,/opt/anaconda3/envs/python312/lib/python3.12/site-packages/ipykernel_launcher.py,zeerakwyne,FINISHED,Fe (%) Ca (%) Na (%) K (%) Al (%) Cu (ppm) Mg (%) CCPI,2.0,1.5,[ 6.5  6.5  4.5  4.  11.5 27.5  5.   0.6],0.9455,91.77257003998328,0.9191,0.2442,0.2368,0.2522,127,58,3194,18
2024-07-23 16:27:38,98ms,badf9fc49b8e4dfd978a03e18a58413a,nimble-quail-248,LOCAL,/opt/anaconda3/envs/python312/lib/python3.12/site-packages/ipykernel_launcher.py,zeerakwyne,FINISHED,Fe (%) Ca (%) Na (%) K (%) Al (%) Cu (ppm) Mg (%) CCPI,3.0,1.0,[ 6.5  6.5  4.5  4.  11.5 27.5  5.   0.6],0.9647,67.24784311325342,0.944,0.1519,0.164,0.1415,89,31,3271,6
2024-07-23 16:27:38,89ms,e96ef8f530bc4912857f933aa19d8bde,powerful-jay-851,LOCAL,/opt/anaconda3/envs/python312/lib/python3.12/site-packages/ipykernel_launcher.py,zeerakwyne,FINISHED,Fe (%) Ca (%) Na (%) K (%) Al (%) Cu (ppm) Mg (%) CCPI,2.5,1.0,[ 6.5  6.5  4.5  4.  11.5 27.5  5.   0.6],0.9594,70.36421573755821,0.9394,0.1652,0.196,0.1427,108,30,3252,7
2024-07-23 16:27:38,85ms,d7f8935c2927433b8c62d7e798dcb5d6,classy-foal-674,LOCAL,/opt/anaconda3/envs/python312/lib/python3.12/site-packages/ipykernel_launcher.py,zeerakwyne,FINISHED,Fe (%) Ca (%) Na (%) K (%) Al (%) Cu (ppm) Mg (%) CCPI,2.0,1.0,[ 6.5  6.5  4.5  4.  11.5 27.5  5.   0.6],0.9511,77.70512017846934,0.9311,0.1642,0.2212,0.1305,137,29,3223,8
2024-07-23 16:27:37,82ms,d9ff941c4a34441889f80742e51abd82,handsome-loon-38,LOCAL,/opt/anaconda3/envs/python312/lib/python3.12/site-packages/ipykernel_launcher.py,zeerakwyne,FINISHED,Fe (%) Ca (%) Na (%) K (%) Al (%) Cu (ppm) Mg (%) CCPI,3.0,0.5,[ 6.5  6.5  4.5  4.  11.5 27.5  5.   0.6],0.9712,41.80760098099281,0.9617,0.0503,0.2068,0.0286,94,4,3298,1
2024-07-23 16:27:37,99ms,6dedeebf15e44760b12c919c9d820d5c,honorable-cub-730,LOCAL,/opt/anaconda3/envs/python312/lib/python3.12/site-packages/ipykernel_launcher.py,zeerakwyne,FINISHED,Fe (%) Ca (%) Na (%) K (%) Al (%) Cu (ppm) Mg (%) CCPI,2.5,0.5,[ 6.5  6.5  4.5  4.  11.5 27.5  5.   0.6],0.9659,44.923973605297604,0.9571,0.085,0.4063,0.0474,113,3,3279,2
2024-07-23 16:27:37,104ms,6cc93fbd0b3c4559bb6a38d63215d5b4,salty-sponge-615,LOCAL,/opt/anaconda3/envs/python312/lib/python3.12/site-packages/ipykernel_launcher.py,zeerakwyne,FINISHED,Fe (%) Ca (%) Na (%) K (%) Al (%) Cu (ppm) Mg (%) CCPI,2.0,0.5,[ 6.5  6.5  4.5  4.  11.5 27.5  5.   0.6],0.957,54.37969571272582,0.9472,0.0702,0.4063,0.0384,143,3,3249,2
2024-07-23 16:27:37,101ms,dba239b0fd87470598027208d425b767,loud-ant-679,LOCAL,/opt/anaconda3/envs/python312/lib/python3.12/site-packages/ipykernel_launcher.py,zeerakwyne,FINISHED,Fe (%) Ca (%) Na (%) K (%) Al (%) Cu (ppm) Mg (%) CCPI,3.0,2.5,[ 4.    4.    2.    1.5   7.   16.25  3.    0.43],0.9603,44.2230337713392,0.9302,0.2182,0.1845,0.2669,83,52,3250,12
2024-07-23 16:27:37,97ms,868e0854a18748dfad29f0cb3e029e48,entertaining-roo-941,LOCAL,/opt/anaconda3/envs/python312/lib/python3.12/site-packages/ipykernel_launcher.py,zeerakwyne,FINISHED,Fe (%) Ca (%) Na (%) K (%) Al (%) Cu (ppm) Mg (%) CCPI,2.5,2.5,[ 4.    4.    2.    1.5   7.   16.25  3.    0.43],0.955,46.20819176371397,0.9257,0.2261,0.2055,0.2513,102,51,3231,13
2024-07-23 16:27:37,91ms,0105faafdf4e46f49118ae2813b816a7,painted-gull-727,LOCAL,/opt/anaconda3/envs/python312/lib/python3.12/site-packages/ipykernel_launcher.py,zeerakwyne,FINISHED,Fe (%) Ca (%) Na (%) K (%) Al (%) Cu (ppm) Mg (%) CCPI,2.0,2.5,[ 4.    4.    2.    1.5   7.   16.25  3.    0.43],0.9479,48.73263898539169,0.9203,0.2476,0.2485,0.2467,129,48,3204,16
2024-07-23 16:27:37,77ms,dc5a8d01e9ba4efda0f924a3e41cc114,nebulous-elk-401,LOCAL,/opt/anaconda3/envs/python312/lib/python3.12/site-packages/ipykernel_launcher.py,zeerakwyne,FINISHED,Fe (%) Ca (%) Na (%) K (%) Al (%) Cu (ppm) Mg (%) CCPI,3.0,2.0,[ 4.    4.    2.    1.5   7.   16.25  3.    0.43],0.9641,38.717916550125935,0.939,0.1546,0.1565,0.1527,89,33,3269,6
2024-07-23 16:27:37,76ms,50b422541e6247608afe081ee85c7458,sedate-pig-661,LOCAL,/opt/anaconda3/envs/python312/lib/python3.12/site-packages/ipykernel_launcher.py,zeerakwyne,FINISHED,Fe (%) Ca (%) Na (%) K (%) Al (%) Cu (ppm) Mg (%) CCPI,2.5,2.0,[ 4.    4.    2.    1.5   7.   16.25  3.    0.43],0.9588,40.7030745425007,0.9346,0.1696,0.1876,0.1548,108,32,3250,7
2024-07-23 16:27:37,78ms,ca7aa8f58b9249df8fc26c776165b9ab,unequaled-pug-435,LOCAL,/opt/anaconda3/envs/python312/lib/python3.12/site-packages/ipykernel_launcher.py,zeerakwyne,FINISHED,Fe (%) Ca (%) Na (%) K (%) Al (%) Cu (ppm) Mg (%) CCPI,2.0,2.0,[ 4.    4.    2.    1.5   7.   16.25  3.    0.43],0.9505,45.02180364960077,0.9263,0.1697,0.2116,0.1417,137,31,3221,8
2024-07-23 16:27:37,80ms,6878f77ac7d2423cb34bf134b0b1c8ea,lyrical-flea-682,LOCAL,/opt/anaconda3/envs/python312/lib/python3.12/site-packages/ipykernel_launcher.py,zeerakwyne,FINISHED,Fe (%) Ca (%) Na (%) K (%) Al (%) Cu (ppm) Mg (%) CCPI,3.0,1.5,[ 4.    4.    2.    1.5   7.   16.25  3.    0.43],0.9682,31.14345303380199,0.9503,0.1123,0.1616,0.0861,92,16,3286,3
2024-07-23 16:27:36,114ms,7779a9e8fdab40e7966795bdd46d7462,casual-robin-815,LOCAL,/opt/anaconda3/envs/python312/lib/python3.12/site-packages/ipykernel_launcher.py,zeerakwyne,FINISHED,Fe (%) Ca (%) Na (%) K (%) Al (%) Cu (ppm) Mg (%) CCPI,2.5,1.5,[ 4.    4.    2.    1.5   7.   16.25  3.    0.43],0.9629,33.12861102617677,0.9459,0.1357,0.2185,0.0984,111,15,3267,4
2024-07-23 16:27:36,77ms,e020ba1b1b4c4fc5a70c71849f31a7ef,magnificent-gnu-857,LOCAL,/opt/anaconda3/envs/python312/lib/python3.12/site-packages/ipykernel_launcher.py,zeerakwyne,FINISHED,Fe (%) Ca (%) Na (%) K (%) Al (%) Cu (ppm) Mg (%) CCPI,2.0,1.5,[ 4.    4.    2.    1.5   7.   16.25  3.    0.43],0.9541,38.619973891,0.9359,0.117,0.2185,0.0799,141,15,3237,4
2024-07-23 16:27:36,82ms,c9f77fed173a4156829e64eaf287ed41,delightful-cat-472,LOCAL,/opt/anaconda3/envs/python312/lib/python3.12/site-packages/ipykernel_launcher.py,zeerakwyne,FINISHED,Fe (%) Ca (%) Na (%) K (%) Al (%) Cu (ppm) Mg (%) CCPI,3.0,1.0,[ 4.    4.    2.    1.5   7.   16.25  3.    0.43],0.9714,23.194760820692743,0.961,0.0544,0.2366,0.0307,94,3,3299,1
2024-07-23 16:27:36,71ms,4b7cf1951f4541dfb3a7a2e2b63225e1,bedecked-perch-418,LOCAL,/opt/anaconda3/envs/python312/lib/python3.12/site-packages/ipykernel_launcher.py,zeerakwyne,FINISHED,Fe (%) Ca (%) Na (%) K (%) Al (%) Cu (ppm) Mg (%) CCPI,2.5,1.0,[ 4.    4.    2.    1.5   7.   16.25  3.    0.43],0.9656,26.988689612374966,0.9543,0.0468,0.2366,0.026,114,3,3279,1
2024-07-23 16:27:36,76ms,39b017a2103544638c3714617b225283,bouncy-goat-194,LOCAL,/opt/anaconda3/envs/python312/lib/python3.12/site-packages/ipykernel_launcher.py,zeerakwyne,FINISHED,Fe (%) Ca (%) Na (%) K (%) Al (%) Cu (ppm) Mg (%) CCPI,2.0,1.0,[ 4.    4.    2.    1.5   7.   16.25  3.    0.43],0.9567,32.4800524771982,0.9443,0.0387,0.2366,0.0211,144,3,3249,1
2024-07-23 16:27:36,27ms,6320fd134d2641cf8e0a824088bfe2a0,sneaky-auk-770,LOCAL,/opt/anaconda3/envs/python312/lib/python3.12/site-packages/ipykernel_launcher.py,zeerakwyne,FINISHED,,,,,,,,,,,,,,
2024-07-23 16:27:36,28ms,d5b7991f8485423ba90e6a8474ea5eb2,carefree-ox-768,LOCAL,/opt/anaconda3/envs/python312/lib/python3.12/site-packages/ipykernel_launcher.py,zeerakwyne,FINISHED,,,,,,,,,,,,,,
2024-07-23 16:27:36,26ms,0a765de2418a47a29bac5ea0cc6fe3a3,secretive-seal-357,LOCAL,/opt/anaconda3/envs/python312/lib/python3.12/site-packages/ipykernel_launcher.py,zeerakwyne,FINISHED,,,,,,,,,,,,,,
2024-07-23 16:27:36,69ms,2755efcdf62f448a86d6eda41ecfe559,classy-dolphin-598,LOCAL,/opt/anaconda3/envs/python312/lib/python3.12/site-packages/ipykernel_launcher.py,zeerakwyne,FINISHED,Fe (%) Ca (%) Na (%) K (%) Al (%) Cu (ppm) Mg (%) CCPI,3.0,2.5,[ 5.    5.    3.    2.5   9.   22.5   3.5   0.55],0.9455,83.97937887065714,0.9065,0.2234,0.1591,0.3753,75,110,3192,20
2024-07-23 16:27:36,69ms,49e2f998be24448190827a1454703108,salty-tern-304,LOCAL,/opt/anaconda3/envs/python312/lib/python3.12/site-packages/ipykernel_launcher.py,zeerakwyne,FINISHED,Fe (%) Ca (%) Na (%) K (%) Al (%) Cu (ppm) Mg (%) CCPI,2.5,2.5,[ 5.    5.    3.    2.5   9.   22.5   3.5   0.55],0.9408,85.82993190078226,0.9029,0.2359,0.1771,0.353,93,108,3174,22
2024-07-23 16:27:36,69ms,ae356b55c1fe4c37bb19cdade2a8995b,sassy-asp-773,LOCAL,/opt/anaconda3/envs/python312/lib/python3.12/site-packages/ipykernel_launcher.py,zeerakwyne,FINISHED,Fe (%) Ca (%) Na (%) K (%) Al (%) Cu (ppm) Mg (%) CCPI,2.0,2.5,[ 5.    5.    3.    2.5   9.   22.5   3.5   0.55],0.9344,88.4358925758481,0.8984,0.2579,0.2088,0.3374,119,104,3148,26
2024-07-23 16:27:36,72ms,f5a85ba0d02e43928a288e9095f9a79d,receptive-hawk-51,LOCAL,/opt/anaconda3/envs/python312/lib/python3.12/site-packages/ipykernel_launcher.py,zeerakwyne,FINISHED,Fe (%) Ca (%) Na (%) K (%) Al (%) Cu (ppm) Mg (%) CCPI,3.0,2.0,[ 5.    5.    3.    2.5   9.   22.5   3.5   0.55],0.9579,66.32631436544867,0.928,0.2327,0.1884,0.3044,80,63,3239,15
2024-07-23 16:27:36,78ms,afaf367b7fa5416f879d3f357b2f53aa,rogue-mule-395,LOCAL,/opt/anaconda3/envs/python312/lib/python3.12/site-packages/ipykernel_launcher.py,zeerakwyne,FINISHED,Fe (%) Ca (%) Na (%) K (%) Al (%) Cu (ppm) Mg (%) CCPI,2.5,2.0,[ 5.    5.    3.    2.5   9.   22.5   3.5   0.55],0.9526,68.9998611146085,0.9235,0.2378,0.206,0.2812,99,62,3220,16
2024-07-23 16:27:36,88ms,e8cbe709a6d541da92231e6f04bacf10,nimble-robin-413,LOCAL,/opt/anaconda3/envs/python312/lib/python3.12/site-packages/ipykernel_launcher.py,zeerakwyne,FINISHED,Fe (%) Ca (%) Na (%) K (%) Al (%) Cu (ppm) Mg (%) CCPI,2.0,2.0,[ 5.    5.    3.    2.5   9.   22.5   3.5   0.55],0.9455,72.48292826450484,0.9179,0.2554,0.2431,0.269,126,59,3193,19
2024-07-23 16:27:35,82ms,9edea2a325d7444bb7ea16d06205d247,amusing-bird-811,LOCAL,/opt/anaconda3/envs/python312/lib/python3.12/site-packages/ipykernel_launcher.py,zeerakwyne,FINISHED,Fe (%) Ca (%) Na (%) K (%) Al (%) Cu (ppm) Mg (%) CCPI,3.0,1.5,[ 5.    5.    3.    2.5   9.   22.5   3.5   0.55],0.9629,56.79036820933298,0.9387,0.1777,0.1712,0.1846,87,39,3263,8
2024-07-23 16:27:35,86ms,0ee72b48d410477d822c165e2c55a3ec,illustrious-gull-871,LOCAL,/opt/anaconda3/envs/python312/lib/python3.12/site-packages/ipykernel_launcher.py,zeerakwyne,FINISHED,Fe (%) Ca (%) Na (%) K (%) Al (%) Cu (ppm) Mg (%) CCPI,2.5,1.5,[ 5.    5.    3.    2.5   9.   22.5   3.5   0.55],0.9576,59.463914958492836,0.9342,0.1884,0.1976,0.18,106,38,3244,9
2024-07-23 16:27:35,91ms,0fca8b6439764880a7fab13b1fe33380,crawling-midge-470,LOCAL,/opt/anaconda3/envs/python312/lib/python3.12/site-packages/ipykernel_launcher.py,zeerakwyne,FINISHED,Fe (%) Ca (%) Na (%) K (%) Al (%) Cu (ppm) Mg (%) CCPI,2.0,1.5,[ 5.    5.    3.    2.5   9.   22.5   3.5   0.55],0.95,64.18751900387646,0.9272,0.2003,0.2357,0.1741,134,36,3216,11
2024-07-23 16:27:35,87ms,13df76bee6ef4bb1890dee972fbadb96,enthused-sheep-322,LOCAL,/opt/anaconda3/envs/python312/lib/python3.12/site-packages/ipykernel_launcher.py,zeerakwyne,FINISHED,Fe (%) Ca (%) Na (%) K (%) Al (%) Cu (ppm) Mg (%) CCPI,3.0,1.0,[ 5.    5.    3.    2.5   9.   22.5   3.5   0.55],0.9682,43.43647168233588,0.9522,0.1086,0.1637,0.0812,92,16,3286,3
2024-07-23 16:27:35,81ms,0167566eb8bf44fa913b4ba11ac4f591,bemused-moose-993,LOCAL,/opt/anaconda3/envs/python312/lib/python3.12/site-packages/ipykernel_launcher.py,zeerakwyne,FINISHED,Fe (%) Ca (%) Na (%) K (%) Al (%) Cu (ppm) Mg (%) CCPI,2.5,1.0,[ 5.    5.    3.    2.5   9.   22.5   3.5   0.55],0.9629,46.11001843149572,0.9476,0.1306,0.2211,0.0927,111,15,3267,4
2024-07-23 16:27:35,72ms,8139719ea4e04ff08b2a38c1feb0d2e5,gaudy-slug-259,LOCAL,/opt/anaconda3/envs/python312/lib/python3.12/site-packages/ipykernel_launcher.py,zeerakwyne,FINISHED,Fe (%) Ca (%) Na (%) K (%) Al (%) Cu (ppm) Mg (%) CCPI,2.0,1.0,[ 5.    5.    3.    2.5   9.   22.5   3.5   0.55],0.9541,53.7371544751101,0.9377,0.1122,0.2211,0.0751,141,15,3237,4
2024-07-23 16:27:35,29ms,3a09d8e5026d49d19c4a97fa9243f47a,efficient-ray-342,LOCAL,/opt/anaconda3/envs/python312/lib/python3.12/site-packages/ipykernel_launcher.py,zeerakwyne,FINISHED,,,,,,,,,,,,,,
2024-07-23 16:27:35,27ms,43a38900210644f1a9a0d85b1b6628ec,calm-calf-15,LOCAL,/opt/anaconda3/envs/python312/lib/python3.12/site-packages/ipykernel_launcher.py,zeerakwyne,FINISHED,,,,,,,,,,,,,,
2024-07-23 16:27:35,29ms,a921953a8735466b8e6bd718b8c72fe8,peaceful-bear-111,LOCAL,/opt/anaconda3/envs/python312/lib/python3.12/site-packages/ipykernel_launcher.py,zeerakwyne,FINISHED,,,,,,,,,,,,,,
2024-07-23 16:27:35,80ms,1003edc01d084eebbfa60705954808b4,casual-cod-71,LOCAL,/opt/anaconda3/envs/python312/lib/python3.12/site-packages/ipykernel_launcher.py,zeerakwyne,FINISHED,Fe (%) Ca (%) Na (%) K (%) Al (%) Cu (ppm) Mg (%) CCPI,3.0,2.5,[ 7.   7.   5.   4.5 12.5 30.   5.5  0.7],0.9179,156.65166050506093,0.8706,0.214,0.1361,0.5004,64,215,3087,31
2024-07-23 16:27:35,76ms,5e9247018a994e4b8dc2c0c2e67e87e0,rare-mule-544,LOCAL,/opt/anaconda3/envs/python312/lib/python3.12/site-packages/ipykernel_launcher.py,zeerakwyne,FINISHED,Fe (%) Ca (%) Na (%) K (%) Al (%) Cu (ppm) Mg (%) CCPI,2.5,2.5,[ 7.   7.   5.   4.5 12.5 30.   5.5  0.7],0.9137,158.17216465981446,0.8677,0.2271,0.1502,0.4658,81,212,3070,34
2024-07-23 16:27:35,110ms,d190db0b37dd46ccb73709c177271e87,indecisive-robin-732,LOCAL,/opt/anaconda3/envs/python312/lib/python3.12/site-packages/ipykernel_launcher.py,zeerakwyne,FINISHED,Fe (%) Ca (%) Na (%) K (%) Al (%) Cu (ppm) Mg (%) CCPI,2.0,2.5,[ 7.   7.   5.   4.5 12.5 30.   5.5  0.7],0.9084,159.91941826475627,0.8646,0.2519,0.1761,0.4423,105,206,3046,40
2024-07-23 16:27:35,79ms,e4e7b01b957d4a93b0022d5aaa5a05e4,loud-auk-132,LOCAL,/opt/anaconda3/envs/python312/lib/python3.12/site-packages/ipykernel_launcher.py,zeerakwyne,FINISHED,Fe (%) Ca (%) Na (%) K (%) Al (%) Cu (ppm) Mg (%) CCPI,3.0,2.0,[ 7.   7.   5.   4.5 12.5 30.   5.5  0.7],0.9423,121.79827146579467,0.9042,0.2447,0.1694,0.4407,69,127,3175,26
2024-07-23 16:27:34,75ms,21d15d81a6e5482e9b8d2bc081ec54e9,popular-bee-999,LOCAL,/opt/anaconda3/envs/python312/lib/python3.12/site-packages/ipykernel_launcher.py,zeerakwyne,FINISHED,Fe (%) Ca (%) Na (%) K (%) Al (%) Cu (ppm) Mg (%) CCPI,2.5,2.0,[ 7.   7.   5.   4.5 12.5 30.   5.5  0.7],0.9376,124.10148298917784,0.9006,0.2542,0.185,0.4062,87,125,3157,28
2024-07-23 16:27:34,73ms,64f61f0a9bd244048652ca2ab7099411,bemused-ram-873,LOCAL,/opt/anaconda3/envs/python312/lib/python3.12/site-packages/ipykernel_launcher.py,zeerakwyne,FINISHED,Fe (%) Ca (%) Na (%) K (%) Al (%) Cu (ppm) Mg (%) CCPI,2.0,2.0,[ 7.   7.   5.   4.5 12.5 30.   5.5  0.7],0.9311,127.50767082125151,0.8959,0.2724,0.2128,0.3784,113,121,3131,32
2024-07-23 16:27:34,76ms,699b30bd3f014ae69c51cb37a733b2a3,bittersweet-lamb-412,LOCAL,/opt/anaconda3/envs/python312/lib/python3.12/site-packages/ipykernel_launcher.py,zeerakwyne,FINISHED,Fe (%) Ca (%) Na (%) K (%) Al (%) Cu (ppm) Mg (%) CCPI,3.0,1.5,[ 7.   7.   5.   4.5 12.5 30.   5.5  0.7],0.9564,95.49561301375594,0.9276,0.2223,0.1788,0.2938,80,68,3234,15
2024-07-23 16:27:34,82ms,8b98b74cbe3d49259749731303811e8e,exultant-pig-320,LOCAL,/opt/anaconda3/envs/python312/lib/python3.12/site-packages/ipykernel_launcher.py,zeerakwyne,FINISHED,Fe (%) Ca (%) Na (%) K (%) Al (%) Cu (ppm) Mg (%) CCPI,2.5,1.5,[ 7.   7.   5.   4.5 12.5 30.   5.5  0.7],0.9511,98.8820795689374,0.923,0.2268,0.1952,0.2706,99,67,3215,16
2024-07-23 16:27:34,99ms,7f0cb1a53ebd4d9ab815ea3fe30e1703,zealous-asp-483,LOCAL,/opt/anaconda3/envs/python312/lib/python3.12/site-packages/ipykernel_launcher.py,zeerakwyne,FINISHED,Fe (%) Ca (%) Na (%) K (%) Al (%) Cu (ppm) Mg (%) CCPI,2.0,1.5,[ 7.   7.   5.   4.5 12.5 30.   5.5  0.7],0.9441,103.45520543784878,0.9173,0.2438,0.2305,0.2587,126,64,3188,19
2024-07-23 16:27:34,94ms,55067abb356441a3af78d3709370a555,suave-shrike-266,LOCAL,/opt/anaconda3/envs/python312/lib/python3.12/site-packages/ipykernel_launcher.py,zeerakwyne,FINISHED,Fe (%) Ca (%) Na (%) K (%) Al (%) Cu (ppm) Mg (%) CCPI,3.0,1.0,[ 7.   7.   5.   4.5 12.5 30.   5.5  0.7],0.9644,74.35134414025163,0.9441,0.166,0.1749,0.158,88,33,3269,7
2024-07-23 16:27:34,78ms,943f48d0c3634236adf010ae8acb64ad,bold-ant-871,LOCAL,/opt/anaconda3/envs/python312/lib/python3.12/site-packages/ipykernel_launcher.py,zeerakwyne,FINISHED,Fe (%) Ca (%) Na (%) K (%) Al (%) Cu (ppm) Mg (%) CCPI,2.5,1.0,[ 7.   7.   5.   4.5 12.5 30.   5.5  0.7],0.9591,77.73781069543308,0.9395,0.177,0.2045,0.156,107,32,3250,8
2024-07-23 16:27:34,90ms,0847b04a1aec42ec99d23ad9f3b5170c,wise-deer-753,LOCAL,/opt/anaconda3/envs/python312/lib/python3.12/site-packages/ipykernel_launcher.py,zeerakwyne,FINISHED,Fe (%) Ca (%) Na (%) K (%) Al (%) Cu (ppm) Mg (%) CCPI,2.0,1.0,[ 7.   7.   5.   4.5 12.5 30.   5.5  0.7],0.9508,85.71612639865586,0.9312,0.1744,0.2284,0.1411,136,31,3221,9
2024-07-23 16:27:34,92ms,c1c0e7283e2d459a96fd84d9c2709532,sedate-bug-916,LOCAL,/opt/anaconda3/envs/python312/lib/python3.12/site-packages/ipykernel_launcher.py,zeerakwyne,FINISHED,Fe (%) Ca (%) Na (%) K (%) Al (%) Cu (ppm) Mg (%) CCPI,3.0,0.5,[ 7.   7.   5.   4.5 12.5 30.   5.5  0.7],0.9712,45.536674116814694,0.962,0.0907,0.2891,0.0538,93,5,3297,2
2024-07-23 16:27:34,82ms,c0e3ae7e9a934d66b306bf2545e3912e,skittish-asp-270,LOCAL,/opt/anaconda3/envs/python312/lib/python3.12/site-packages/ipykernel_launcher.py,zeerakwyne,FINISHED,Fe (%) Ca (%) Na (%) K (%) Al (%) Cu (ppm) Mg (%) CCPI,2.5,0.5,[ 7.   7.   5.   4.5 12.5 30.   5.5  0.7],0.9659,48.92314067199614,0.9574,0.1176,0.4334,0.068,112,4,3278,3
2024-07-23 16:27:34,76ms,b45cca2dd11e4e7c8a3ffbffcb7df086,incongruous-stag-67,LOCAL,/opt/anaconda3/envs/python312/lib/python3.12/site-packages/ipykernel_launcher.py,zeerakwyne,FINISHED,Fe (%) Ca (%) Na (%) K (%) Al (%) Cu (ppm) Mg (%) CCPI,2.0,0.5,[ 7.   7.   5.   4.5 12.5 30.   5.5  0.7],0.957,59.23943142415378,0.9476,0.0977,0.4334,0.0551,142,4,3248,3
2024-07-23 16:27:34,72ms,c739c472ba704d1ab97cdeb0350dca3c,amusing-stork-803,LOCAL,/opt/anaconda3/envs/python312/lib/python3.12/site-packages/ipykernel_launcher.py,zeerakwyne,FINISHED,Fe (%) Ca (%) Na (%) K (%) Al (%) Cu (ppm) Mg (%) CCPI,3.0,2.5,[ 3.   3.   1.   0.5  4.5 10.   1.5  0.3],0.9706,14.099871439369576,0.9578,0.0508,0.129,0.0316,94,6,3296,1
2024-07-23 16:27:33,71ms,6b1a3c59783142b3bdfa7388e1c9a252,resilient-newt-346,LOCAL,/opt/anaconda3/envs/python312/lib/python3.12/site-packages/ipykernel_launcher.py,zeerakwyne,FINISHED,Fe (%) Ca (%) Na (%) K (%) Al (%) Cu (ppm) Mg (%) CCPI,2.5,2.5,[ 3.   3.   1.   0.5  4.5 10.   1.5  0.3],0.9647,16.145685261892964,0.9513,0.0443,0.129,0.0267,114,6,3276,1
2024-07-23 16:27:33,66ms,5e24a6e0a24542b3a13bdf62565691d4,calm-fawn-720,LOCAL,/opt/anaconda3/envs/python312/lib/python3.12/site-packages/ipykernel_launcher.py,zeerakwyne,FINISHED,Fe (%) Ca (%) Na (%) K (%) Al (%) Cu (ppm) Mg (%) CCPI,2.0,2.5,[ 3.   3.   1.   0.5  4.5 10.   1.5  0.3],0.9558,19.20733106784509,0.9414,0.0371,0.129,0.0217,144,6,3246,1
2024-07-23 16:27:33,30ms,a660d46c6c6e4e0497c4196a35ff5e71,luxuriant-eel-271,LOCAL,/opt/anaconda3/envs/python312/lib/python3.12/site-packages/ipykernel_launcher.py,zeerakwyne,FINISHED,,,,,,,,,,,,,,
2024-07-23 16:27:33,34ms,cb8d340ed46d422ba2fdcdad4e7c107e,intelligent-tern-113,LOCAL,/opt/anaconda3/envs/python312/lib/python3.12/site-packages/ipykernel_launcher.py,zeerakwyne,FINISHED,,,,,,,,,,,,,,
2024-07-23 16:27:33,33ms,c46af22d171b42ccbeb0976795185460,bald-calf-938,LOCAL,/opt/anaconda3/envs/python312/lib/python3.12/site-packages/ipykernel_launcher.py,zeerakwyne,FINISHED,,,,,,,,,,,,,,
2024-07-23 16:27:33,28ms,321101a3732e499d9e82675fcc4c2559,gifted-turtle-740,LOCAL,/opt/anaconda3/envs/python312/lib/python3.12/site-packages/ipykernel_launcher.py,zeerakwyne,FINISHED,,,,,,,,,,,,,,
2024-07-23 16:27:33,48ms,583f8966bb1c44f7b916114c1e0750ad,resilient-calf-287,LOCAL,/opt/anaconda3/envs/python312/lib/python3.12/site-packages/ipykernel_launcher.py,zeerakwyne,FINISHED,,,,,,,,,,,,,,
2024-07-23 16:27:33,28ms,d573e1c346cf4f748c5fe0a799c5d77e,exultant-tern-178,LOCAL,/opt/anaconda3/envs/python312/lib/python3.12/site-packages/ipykernel_launcher.py,zeerakwyne,FINISHED,,,,,,,,,,,,,,
2024-07-23 16:27:33,28ms,ce882f0d64f14b11867bc591ecc20efa,clean-worm-215,LOCAL,/opt/anaconda3/envs/python312/lib/python3.12/site-packages/ipykernel_launcher.py,zeerakwyne,FINISHED,,,,,,,,,,,,,,
2024-07-23 16:27:33,28ms,b6781f61a5cb4cf0ab60b5b1f5f35e8a,polite-cub-755,LOCAL,/opt/anaconda3/envs/python312/lib/python3.12/site-packages/ipykernel_launcher.py,zeerakwyne,FINISHED,,,,,,,,,,,,,,
2024-07-23 16:27:33,31ms,4bf936ec24144223be907738cb758dcc,rumbling-trout-309,LOCAL,/opt/anaconda3/envs/python312/lib/python3.12/site-packages/ipykernel_launcher.py,zeerakwyne,FINISHED,,,,,,,,,,,,,,
2024-07-23 16:27:33,29ms,b29f53f184e04c518902206fa02544cd,nimble-eel-475,LOCAL,/opt/anaconda3/envs/python312/lib/python3.12/site-packages/ipykernel_launcher.py,zeerakwyne,FINISHED,,,,,,,,,,,,,,
2024-07-23 16:27:33,28ms,14c2bba13b074cd8a4246ea606e922e7,traveling-squid-19,LOCAL,/opt/anaconda3/envs/python312/lib/python3.12/site-packages/ipykernel_launcher.py,zeerakwyne,FINISHED,,,,,,,,,,,,,,
2024-07-23 16:27:33,28ms,f0794b1048834f86be9c599a10868659,chill-eel-820,LOCAL,/opt/anaconda3/envs/python312/lib/python3.12/site-packages/ipykernel_launcher.py,zeerakwyne,FINISHED,,,,,,,,,,,,,,
2024-07-23 16:27:33,74ms,34e23a8aeb31452a918b4aec88059803,worried-zebra-808,LOCAL,/opt/anaconda3/envs/python312/lib/python3.12/site-packages/ipykernel_launcher.py,zeerakwyne,FINISHED,Fe (%) Ca (%) Na (%) K (%) Al (%) Cu (ppm) Mg (%) CCPI,3.0,2.5,[ 6.   6.   4.   3.5 10.5 25.   4.5  0.6],0.9397,105.64974657894817,0.8974,0.249,0.1687,0.4757,67,138,3164,28
2024-07-23 16:27:33,125ms,77fff7658a974276bda9e8f21bb12199,flawless-colt-584,LOCAL,/opt/anaconda3/envs/python312/lib/python3.12/site-packages/ipykernel_launcher.py,zeerakwyne,FINISHED,Fe (%) Ca (%) Na (%) K (%) Al (%) Cu (ppm) Mg (%) CCPI,2.5,2.5,[ 6.   6.   4.   3.5 10.5 25.   4.5  0.6],0.9349,107.56092365243813,0.8938,0.2588,0.1837,0.4375,85,136,3146,30
2024-07-23 16:27:33,85ms,92f5539113464671a68e561c84991acb,nervous-mole-575,LOCAL,/opt/anaconda3/envs/python312/lib/python3.12/site-packages/ipykernel_launcher.py,zeerakwyne,FINISHED,Fe (%) Ca (%) Na (%) K (%) Al (%) Cu (ppm) Mg (%) CCPI,2.0,2.5,[ 6.   6.   4.   3.5 10.5 25.   4.5  0.6],0.9285,110.39258748421977,0.8892,0.2767,0.21,0.4056,111,132,3120,34
2024-07-23 16:27:33,124ms,8bb645810e5045279084dddc1945d071,enchanting-trout-792,LOCAL,/opt/anaconda3/envs/python312/lib/python3.12/site-packages/ipykernel_launcher.py,zeerakwyne,FINISHED,Fe (%) Ca (%) Na (%) K (%) Al (%) Cu (ppm) Mg (%) CCPI,3.0,2.0,[ 6.   6.   4.   3.5 10.5 25.   4.5  0.6],0.9526,86.58546142474147,0.9184,0.2256,0.1708,0.3323,78,83,3219,17
2024-07-23 16:27:32,132ms,8f26d50970ac4f36a76b9450c7156748,adorable-lark-753,LOCAL,/opt/anaconda3/envs/python312/lib/python3.12/site-packages/ipykernel_launcher.py,zeerakwyne,FINISHED,Fe (%) Ca (%) Na (%) K (%) Al (%) Cu (ppm) Mg (%) CCPI,2.5,2.0,[ 6.   6.   4.   3.5 10.5 25.   4.5  0.6],0.9473,89.40773947309867,0.9138,0.2306,0.1855,0.3048,97,82,3200,18
2024-07-23 16:27:32,87ms,5a5ab529164b4993805cb24c75dd5d49,burly-duck-442,LOCAL,/opt/anaconda3/envs/python312/lib/python3.12/site-packages/ipykernel_launcher.py,zeerakwyne,FINISHED,Fe (%) Ca (%) Na (%) K (%) Al (%) Cu (ppm) Mg (%) CCPI,2.0,2.0,[ 6.   6.   4.   3.5 10.5 25.   4.5  0.6],0.9408,92.23940330488034,0.9093,0.2555,0.2236,0.2979,123,78,3174,22
2024-07-23 16:27:32,130ms,41114fa5cc2f45e4895b2e4119c823f6,sincere-cat-492,LOCAL,/opt/anaconda3/envs/python312/lib/python3.12/site-packages/ipykernel_launcher.py,zeerakwyne,FINISHED,Fe (%) Ca (%) Na (%) K (%) Al (%) Cu (ppm) Mg (%) CCPI,3.0,1.5,[ 6.   6.   4.   3.5 10.5 25.   4.5  0.6],0.9594,74.36152173069632,0.9311,0.2092,0.1774,0.255,83,55,3247,12
2024-07-23 16:27:32,94ms,37001db1b2904841b5474aa6723633c0,salty-fowl-341,LOCAL,/opt/anaconda3/envs/python312/lib/python3.12/site-packages/ipykernel_launcher.py,zeerakwyne,FINISHED,Fe (%) Ca (%) Na (%) K (%) Al (%) Cu (ppm) Mg (%) CCPI,2.5,1.5,[ 6.   6.   4.   3.5 10.5 25.   4.5  0.6],0.9541,77.18379977905353,0.9265,0.2163,0.1973,0.2394,102,54,3228,13
2024-07-23 16:27:32,76ms,61fff440dc5947a69b8f3285a614ed76,rambunctious-cod-398,LOCAL,/opt/anaconda3/envs/python312/lib/python3.12/site-packages/ipykernel_launcher.py,zeerakwyne,FINISHED,Fe (%) Ca (%) Na (%) K (%) Al (%) Cu (ppm) Mg (%) CCPI,2.0,1.5,[ 6.   6.   4.   3.5 10.5 25.   4.5  0.6],0.947,80.99577499904984,0.9209,0.2369,0.2388,0.235,129,51,3201,16
2024-07-23 16:27:32,84ms,693634083d0d4b048782463469ad4d4b,masked-donkey-132,LOCAL,/opt/anaconda3/envs/python312/lib/python3.12/site-packages/ipykernel_launcher.py,zeerakwyne,FINISHED,Fe (%) Ca (%) Na (%) K (%) Al (%) Cu (ppm) Mg (%) CCPI,3.0,1.0,[ 6.   6.   4.   3.5 10.5 25.   4.5  0.6],0.9656,59.01290470475966,0.9452,0.1184,0.1396,0.1028,91,26,3276,4
2024-07-23 16:27:32,109ms,394f53909e4e4a51997820083656e894,placid-skink-916,LOCAL,/opt/anaconda3/envs/python312/lib/python3.12/site-packages/ipykernel_launcher.py,zeerakwyne,FINISHED,Fe (%) Ca (%) Na (%) K (%) Al (%) Cu (ppm) Mg (%) CCPI,2.5,1.0,[ 6.   6.   4.   3.5 10.5 25.   4.5  0.6],0.9603,61.83518275311687,0.9407,0.1367,0.1783,0.1109,110,25,3257,5
2024-07-23 16:27:31,263ms,b9fa717ab55f4c659336d6d45c972069,industrious-eel-922,LOCAL,/opt/anaconda3/envs/python312/lib/python3.12/site-packages/ipykernel_launcher.py,zeerakwyne,FINISHED,Fe (%) Ca (%) Na (%) K (%) Al (%) Cu (ppm) Mg (%) CCPI,2.0,1.0,[ 6.   6.   4.   3.5 10.5 25.   4.5  0.6],0.952,68.50847198504977,0.9324,0.1399,0.2086,0.1052,139,24,3228,6
2024-07-23 16:27:31,97ms,24e55142e7fc4931a60e56d5f87194f4,agreeable-wolf-242,LOCAL,/opt/anaconda3/envs/python312/lib/python3.12/site-packages/ipykernel_launcher.py,zeerakwyne,FINISHED,Fe (%) Ca (%) Na (%) K (%) Al (%) Cu (ppm) Mg (%) CCPI,3.0,0.5,[ 6.   6.   4.   3.5 10.5 25.   4.5  0.6],0.972,33.43186252414279,0.9642,0.0557,0.5062,0.0295,94,1,3301,1
2024-07-23 16:27:31,114ms,7abb64f518e642de858b286af915aace,stately-turtle-522,LOCAL,/opt/anaconda3/envs/python312/lib/python3.12/site-packages/ipykernel_launcher.py,zeerakwyne,FINISHED,Fe (%) Ca (%) Na (%) K (%) Al (%) Cu (ppm) Mg (%) CCPI,2.5,0.5,[ 6.   6.   4.   3.5 10.5 25.   4.5  0.6],0.9661,39.56850209559006,0.9577,0.0475,0.5062,0.0249,114,1,3281,1
2024-07-23 16:27:31,81ms,ee5975bf3d8c43f4889a4473770f3bd8,nervous-frog-568,LOCAL,/opt/anaconda3/envs/python312/lib/python3.12/site-packages/ipykernel_launcher.py,zeerakwyne,FINISHED,Fe (%) Ca (%) Na (%) K (%) Al (%) Cu (ppm) Mg (%) CCPI,2.0,0.5,[ 6.   6.   4.   3.5 10.5 25.   4.5  0.6],0.9573,48.20899051517425,0.9478,0.0388,0.5062,0.0202,144,1,3251,1
2024-07-23 16:27:31,80ms,224d5836f4ff4efe8216d0fffe75f622,luminous-bat-410,LOCAL,/opt/anaconda3/envs/python312/lib/python3.12/site-packages/ipykernel_launcher.py,zeerakwyne,FINISHED,Fe (%) Ca (%) Na (%) K (%) Al (%) Cu (ppm) Mg (%) CCPI,3.0,2.5,[ 4.   4.   2.   1.5  6.5 15.   2.5  0.4],0.962,39.678546235824385,0.9327,0.2183,0.1909,0.2549,84,45,3257,11
2024-07-23 16:27:31,109ms,2aa65cbc1afd4a61bf07fb0fae9b88e2,overjoyed-cow-656,LOCAL,/opt/anaconda3/envs/python312/lib/python3.12/site-packages/ipykernel_launcher.py,zeerakwyne,FINISHED,Fe (%) Ca (%) Na (%) K (%) Al (%) Cu (ppm) Mg (%) CCPI,2.5,2.5,[ 4.   4.   2.   1.5  6.5 15.   2.5  0.4],0.9567,41.469319701196945,0.9283,0.2277,0.2147,0.2424,103,44,3238,12
2024-07-23 16:27:31,132ms,0ec971881fab4c808888cdd5e8e8e720,dashing-goat-649,LOCAL,/opt/anaconda3/envs/python312/lib/python3.12/site-packages/ipykernel_launcher.py,zeerakwyne,FINISHED,Fe (%) Ca (%) Na (%) K (%) Al (%) Cu (ppm) Mg (%) CCPI,2.0,2.5,[ 4.   4.   2.   1.5  6.5 15.   2.5  0.4],0.9497,43.79122014722409,0.9229,0.2507,0.262,0.2404,130,41,3211,15
2024-07-23 16:27:31,106ms,86456f8a11d04610aa3d3858a52008dc,rambunctious-cat-677,LOCAL,/opt/anaconda3/envs/python312/lib/python3.12/site-packages/ipykernel_launcher.py,zeerakwyne,FINISHED,Fe (%) Ca (%) Na (%) K (%) Al (%) Cu (ppm) Mg (%) CCPI,3.0,2.0,[ 4.   4.   2.   1.5  6.5 15.   2.5  0.4],0.965,35.3137893602385,0.9401,0.1433,0.1516,0.1359,90,29,3273,5
2024-07-23 16:27:31,106ms,443c1773d137485796cefd596fc4e768,calm-hawk-269,LOCAL,/opt/anaconda3/envs/python312/lib/python3.12/site-packages/ipykernel_launcher.py,zeerakwyne,FINISHED,Fe (%) Ca (%) Na (%) K (%) Al (%) Cu (ppm) Mg (%) CCPI,2.5,2.0,[ 4.   4.   2.   1.5  6.5 15.   2.5  0.4],0.9597,37.10456282561107,0.9357,0.1613,0.187,0.1417,109,28,3254,6
2024-07-23 16:27:31,96ms,45ba70d85c6443b8b1eeb16376f94498,luminous-newt-51,LOCAL,/opt/anaconda3/envs/python312/lib/python3.12/site-packages/ipykernel_launcher.py,zeerakwyne,FINISHED,Fe (%) Ca (%) Na (%) K (%) Al (%) Cu (ppm) Mg (%) CCPI,2.0,2.0,[ 4.   4.   2.   1.5  6.5 15.   2.5  0.4],0.9514,41.114059524741265,0.9274,0.1629,0.2137,0.1316,138,27,3225,7
2024-07-23 16:27:30,75ms,629db5d48256454c955260c99f373e8d,tasteful-lamb-712,LOCAL,/opt/anaconda3/envs/python312/lib/python3.12/site-packages/ipykernel_launcher.py,zeerakwyne,FINISHED,Fe (%) Ca (%) Na (%) K (%) Al (%) Cu (ppm) Mg (%) CCPI,3.0,1.5,[ 4.   4.   2.   1.5  6.5 15.   2.5  0.4],0.9688,28.196530449918,0.9513,0.1193,0.1794,0.0893,92,14,3288,3
2024-07-23 16:27:30,79ms,ce3b44ff876e4ae4977da756bd33093c,industrious-lamb-966,LOCAL,/opt/anaconda3/envs/python312/lib/python3.12/site-packages/ipykernel_launcher.py,zeerakwyne,FINISHED,Fe (%) Ca (%) Na (%) K (%) Al (%) Cu (ppm) Mg (%) CCPI,2.5,1.5,[ 4.   4.   2.   1.5  6.5 15.   2.5  0.4],0.9635,29.98730391529056,0.947,0.1441,0.2432,0.1024,111,13,3269,4
2024-07-23 16:27:30,86ms,bb06a415da35418cb37277e8d84b482b,gifted-auk-505,LOCAL,/opt/anaconda3/envs/python312/lib/python3.12/site-packages/ipykernel_launcher.py,zeerakwyne,FINISHED,Fe (%) Ca (%) Na (%) K (%) Al (%) Cu (ppm) Mg (%) CCPI,2.0,1.5,[ 4.   4.   2.   1.5  6.5 15.   2.5  0.4],0.9547,35.11845588858394,0.9369,0.124,0.2432,0.0832,141,13,3239,4
2024-07-23 16:27:30,82ms,74029f76385940a687400bf851c43af5,loud-skink-790,LOCAL,/opt/anaconda3/envs/python312/lib/python3.12/site-packages/ipykernel_launcher.py,zeerakwyne,FINISHED,Fe (%) Ca (%) Na (%) K (%) Al (%) Cu (ppm) Mg (%) CCPI,3.0,1.0,[ 4.   4.   2.   1.5  6.5 15.   2.5  0.4],0.9714,21.76296358486825,0.9606,0.0569,0.2418,0.0323,94,3,3299,1
2024-07-23 16:27:30,84ms,2b2f4a1a7b544e6a9df374e7090405c0,funny-cod-419,LOCAL,/opt/anaconda3/envs/python312/lib/python3.12/site-packages/ipykernel_launcher.py,zeerakwyne,FINISHED,Fe (%) Ca (%) Na (%) K (%) Al (%) Cu (ppm) Mg (%) CCPI,2.5,1.0,[ 4.   4.   2.   1.5  6.5 15.   2.5  0.4],0.9656,25.33907487253128,0.9539,0.049,0.2418,0.0273,114,3,3279,1
2024-07-23 16:27:30,98ms,1619296fe9f24fdaa930ed3c41a333dc,fun-calf-11,LOCAL,/opt/anaconda3/envs/python312/lib/python3.12/site-packages/ipykernel_launcher.py,zeerakwyne,FINISHED,Fe (%) Ca (%) Na (%) K (%) Al (%) Cu (ppm) Mg (%) CCPI,2.0,1.0,[ 4.   4.   2.   1.5  6.5 15.   2.5  0.4],0.9567,30.47022684582466,0.9438,0.0406,0.2418,0.0222,144,3,3249,1
2024-07-23 16:27:30,47ms,e698a3626b3f4a5a890963da326a4473,bright-panda-115,LOCAL,/opt/anaconda3/envs/python312/lib/python3.12/site-packages/ipykernel_launcher.py,zeerakwyne,FINISHED,,,,,,,,,,,,,,
2024-07-23 16:27:30,35ms,de32fd20b77b465298e350c58d9ff60a,bustling-colt-631,LOCAL,/opt/anaconda3/envs/python312/lib/python3.12/site-packages/ipykernel_launcher.py,zeerakwyne,FINISHED,,,,,,,,,,,,,,
2024-07-23 16:27:30,33ms,3ec1ccaf2d964d9993cdbd52d1df4db4,unequaled-shad-925,LOCAL,/opt/anaconda3/envs/python312/lib/python3.12/site-packages/ipykernel_launcher.py,zeerakwyne,FINISHED,,,,,,,,,,,,,,
2024-07-23 16:27:30,103ms,e8dd1784cff54f1387e6824fb8dcb204,painted-quail-321,LOCAL,/opt/anaconda3/envs/python312/lib/python3.12/site-packages/ipykernel_launcher.py,zeerakwyne,FINISHED,Fe (%) Ca (%) Na (%) K (%) Al (%) Cu (ppm) Mg (%) CCPI,3.0,2.5,[ 5.   5.   3.   2.5  8.5 20.   3.5  0.5],0.9532,68.30037198495968,0.9167,0.2307,0.1737,0.3431,78,81,3221,17
2024-07-23 16:27:30,80ms,a30ced4e53ad4341923c96957b563d1b,resilient-kite-128,LOCAL,/opt/anaconda3/envs/python312/lib/python3.12/site-packages/ipykernel_launcher.py,zeerakwyne,FINISHED,Fe (%) Ca (%) Na (%) K (%) Al (%) Cu (ppm) Mg (%) CCPI,2.5,2.5,[ 5.   5.   3.   2.5  8.5 20.   3.5  0.5],0.9479,70.58519729112759,0.9123,0.2365,0.1891,0.3157,97,80,3202,18
2024-07-23 16:27:29,131ms,2d1490a4eb1946659adc8f57b47ec10b,funny-vole-44,LOCAL,/opt/anaconda3/envs/python312/lib/python3.12/site-packages/ipykernel_launcher.py,zeerakwyne,FINISHED,Fe (%) Ca (%) Na (%) K (%) Al (%) Cu (ppm) Mg (%) CCPI,2.0,2.5,[ 5.   5.   3.   2.5  8.5 20.   3.5  0.5],0.9414,72.85482934595954,0.9078,0.2621,0.2277,0.3086,123,76,3176,22
2024-07-23 16:27:29,103ms,978ee89707c443dd80ceb377eed41c7c,ambitious-skink-625,LOCAL,/opt/anaconda3/envs/python312/lib/python3.12/site-packages/ipykernel_launcher.py,zeerakwyne,FINISHED,Fe (%) Ca (%) Na (%) K (%) Al (%) Cu (ppm) Mg (%) CCPI,3.0,2.0,[ 5.   5.   3.   2.5  8.5 20.   3.5  0.5],0.9585,60.76014648846588,0.9268,0.2084,0.1718,0.2648,83,58,3244,12
2024-07-23 16:27:29,94ms,a0135dcb894847369c50396f4854317c,powerful-zebra-129,LOCAL,/opt/anaconda3/envs/python312/lib/python3.12/site-packages/ipykernel_launcher.py,zeerakwyne,FINISHED,Fe (%) Ca (%) Na (%) K (%) Al (%) Cu (ppm) Mg (%) CCPI,2.5,2.0,[ 5.   5.   3.   2.5  8.5 20.   3.5  0.5],0.9532,63.04497179463378,0.9223,0.2167,0.1915,0.2494,102,57,3225,13
2024-07-23 16:27:29,87ms,ceef46ab45fa407f9c8710588d97e8a7,languid-swan-418,LOCAL,/opt/anaconda3/envs/python312/lib/python3.12/site-packages/ipykernel_launcher.py,zeerakwyne,FINISHED,Fe (%) Ca (%) Na (%) K (%) Al (%) Cu (ppm) Mg (%) CCPI,2.0,2.0,[ 5.   5.   3.   2.5  8.5 20.   3.5  0.5],0.9461,66.10372163662515,0.9168,0.2379,0.2314,0.2447,129,54,3198,16
2024-07-23 16:27:29,83ms,85edd6967e244806804f3555ad4d2e67,rare-gnat-992,LOCAL,/opt/anaconda3/envs/python312/lib/python3.12/site-packages/ipykernel_launcher.py,zeerakwyne,FINISHED,Fe (%) Ca (%) Na (%) K (%) Al (%) Cu (ppm) Mg (%) CCPI,3.0,1.5,[ 5.   5.   3.   2.5  8.5 20.   3.5  0.5],0.9647,49.199913902669756,0.941,0.1753,0.1784,0.1723,88,32,3270,7
2024-07-23 16:27:29,81ms,03deb06c74bc4236a67ed54902d4548c,abundant-grouse-176,LOCAL,/opt/anaconda3/envs/python312/lib/python3.12/site-packages/ipykernel_launcher.py,zeerakwyne,FINISHED,Fe (%) Ca (%) Na (%) K (%) Al (%) Cu (ppm) Mg (%) CCPI,2.5,1.5,[ 5.   5.   3.   2.5  8.5 20.   3.5  0.5],0.9594,51.48473920883768,0.9365,0.1886,0.2098,0.1713,107,31,3251,8
2024-07-23 16:27:29,90ms,315b99c008a24fb483c2d087840a07bd,bald-stag-828,LOCAL,/opt/anaconda3/envs/python312/lib/python3.12/site-packages/ipykernel_launcher.py,zeerakwyne,FINISHED,Fe (%) Ca (%) Na (%) K (%) Al (%) Cu (ppm) Mg (%) CCPI,2.0,1.5,[ 5.   5.   3.   2.5  8.5 20.   3.5  0.5],0.9511,56.837543096758935,0.9283,0.1865,0.2339,0.155,136,30,3222,9
2024-07-23 16:27:29,85ms,86210076075a41fab296ad627ad2c092,unique-yak-532,LOCAL,/opt/anaconda3/envs/python312/lib/python3.12/site-packages/ipykernel_launcher.py,zeerakwyne,FINISHED,Fe (%) Ca (%) Na (%) K (%) Al (%) Cu (ppm) Mg (%) CCPI,3.0,1.0,[ 5.   5.   3.   2.5  8.5 20.   3.5  0.5],0.9691,37.57129190283638,0.9536,0.1185,0.1919,0.0858,92,13,3289,3
2024-07-23 16:27:29,74ms,be73f02db3f94c00a98a5c46d594a8be,rebellious-skink-737,LOCAL,/opt/anaconda3/envs/python312/lib/python3.12/site-packages/ipykernel_launcher.py,zeerakwyne,FINISHED,Fe (%) Ca (%) Na (%) K (%) Al (%) Cu (ppm) Mg (%) CCPI,2.5,1.0,[ 5.   5.   3.   2.5  8.5 20.   3.5  0.5],0.9638,39.856117209004296,0.9491,0.1425,0.2599,0.0981,111,12,3270,4
2024-07-23 16:27:29,84ms,c277b666623d4098950fa304e2ccb986,delicate-moth-151,LOCAL,/opt/anaconda3/envs/python312/lib/python3.12/site-packages/ipykernel_launcher.py,zeerakwyne,FINISHED,Fe (%) Ca (%) Na (%) K (%) Al (%) Cu (ppm) Mg (%) CCPI,2.0,1.0,[ 5.   5.   3.   2.5  8.5 20.   3.5  0.5],0.955,46.77768898349944,0.9392,0.122,0.2599,0.0797,141,12,3240,4
2024-07-23 16:27:29,32ms,073c3e0e112e49ab9891f6bc04e1fc41,thoughtful-kit-112,LOCAL,/opt/anaconda3/envs/python312/lib/python3.12/site-packages/ipykernel_launcher.py,zeerakwyne,FINISHED,,,,,,,,,,,,,,
2024-07-23 16:27:29,41ms,ae4c3ef4bd114ad3beb9ba33eea5abb3,charming-hen-380,LOCAL,/opt/anaconda3/envs/python312/lib/python3.12/site-packages/ipykernel_launcher.py,zeerakwyne,FINISHED,,,,,,,,,,,,,,
2024-07-23 16:27:29,46ms,f501f08d7154458c917960b7f8ecb1c0,defiant-trout-148,LOCAL,/opt/anaconda3/envs/python312/lib/python3.12/site-packages/ipykernel_launcher.py,zeerakwyne,FINISHED,,,,,,,,,,,,,,
